state_name,district_name,market_name
Tamil Nadu,Dharmapuri,AJattihalli(Uzhavar Sandhai ) APMC
Punjab,Fazilka,Abohar APMC
Uttar Pradesh,Auraiya,Achalda APMC
Uttar Pradesh,Agra,Achnera APMC
Kerala,Idukki,Adimali APMC
Kerala,Kottayam,Adithyapuram  VFPCK APMC
Kerala,Palakad,Agali VFPCK APMC
Uttar Pradesh,Agra,Agra APMC
Uttar Pradesh,Mirzapur,Ahirora APMC
Punjab,Sangrur,Ahmedgarh APMC
Maharashtra,Ahmednagar,Ahmednagar APMC
Rajasthan,Ajmer,Ajmer(F&V) APMC
Uttar Pradesh,Ambedkarnagar,Akbarpur APMC
Jammu and Kashmir,Jammu,Akhnoor APMC
Kerala,Idukki,Alacode  VFPCK APMC
Tamil Nadu,Pudukkottai,Alangudi(Uzhavar Sandhai ) APMC
Kerala,Alappuzha,Alappuzha APMC
Kerala,Palakad,Alenellur  VFPCK APMC
Kerala,Thirssur,Alengad  VFPCK APMC
Uttar Pradesh,Aligarh,Aligarh APMC
Uttar Pradesh,Prayagraj,Allahabad APMC
Kerala,Ernakulam,Aluva APMC
Rajasthan,Alwar,Alwar (F&V) APMC
Kerala,Ernakulam,Amalapuram  VFPCK APMC
Andhra Pradesh,East Godavari,Ambajipeta APMC
Haryana,Ambala,Ambala Cantt. APMC
Haryana,Ambala,Ambala City(Subji Mandi) APMC
Kerala,Thirssur,Amballur  VFPCK APMC
Tamil Nadu,Salem,Ammapet(Uzhavar Sandhai ) APMC
Punjab,Amritsar,Amritsar(Amritsar Mewa Mandi) APMC
Tamil Nadu,Madurai,Anaiyur(Uzhavar Sandhai ) APMC
Kerala,Kollam,Anchal APMC
Kerala,Kollam,Anchal VFPCK APMC
Tamil Nadu,Theni,Andipatti(Uzhavar Sandhai ) APMC
Kerala,Malappuram,Angadippuram VFPCK APMC
Tamil Nadu,Madurai,Anna nagar(Uzhavar Sandhai ) APMC
Kerala,Thirssur,Annamanada  VFPCK APMC
Kerala,Thiruvananthapuram,Anyara(EEC) APMC
Tamil Nadu,Thiruvannamalai,Arani(Uzhavar Sandhai ) APMC
Tamil Nadu,Pudukkottai,Aranthangi(Uzhavar Sandhai ) APMC
Tamil Nadu,Ranipet,Arcot(Uzhavar Sandhai ) APMC
Tamil Nadu,Ariyalur,Ariyalur(Uzhavar Sandhai) APMC
Kerala,Alappuzha,Aroor APMC
Tamil Nadu,Virudhunagar,Aruppukottai(Uzhavar Sandhai ) APMC
Kerala,Thiruvananthapuram,Aryanad VFPCK APMC
Jammu and Kashmir,Anantnag,Ashahipora (Anantnagh) APMC
Uttar Pradesh,Banda,Atarra APMC
Kerala,Malappuram,Athanikkal VFPCK APMC
Kerala,Kottayam,Athirampuzha APMC
Kerala,Thiruvananthapuram,Athiyannur VFPCK APMC
Tamil Nadu,Salem,Athur(Uzhavar Sandhai ) APMC
Tamil Nadu,Salem,Attayampatti(Uzhavar Sandhai ) APMC
Kerala,Thiruvananthapuram,Attingal APMC
Uttar Pradesh,Auraiya,Auraiya APMC
Tamil Nadu,Krishnagiri,Avallapalli(Uzhavar Sandhai ) APMC
Kerala,Kottayam,Avarma  VFPCK APMC
Kerala,Kottayam,Aymanam VFPCK APMC
NCT of Delhi,Delhi,Azadpur APMC
Punjab,Moga,Baghapurana APMC
Nagaland,Wokha,Baghty APMC
Haryana,Jhajar,Bahadurgarh APMC
Uttar Pradesh,Bahraich,Bahraich APMC
Kerala,Thiruvananthapuram,Balaramapuram  VFPCK APMC
Kerala,Thiruvananthapuram,Balarampuram APMC
Uttar Pradesh,Ballia,Ballia APMC
Uttar Pradesh,Sagar,Banda APMC
Uttar Pradesh,Unnao,Bangarmau APMC
Punjab,Mohali,Banur APMC
Uttar Pradesh,Barabanki,Barabanki APMC
Haryana,Ambala,Barara APMC
Uttar Pradesh,Bareilly,Bareilly APMC
Punjab,Muktsar,Bariwala APMC
Punjab,Barnala,Barnala APMC
Assam,Barpeta,Barpeta Road APMC
Haryana,Hissar,Barwala(Hisar) APMC
Punjab,Fatehgarh,Bassi Pathana APMC
Punjab,Bhatinda,Bathinda APMC
Jammu and Kashmir,Jammu,Batote APMC
Uttarakhand,Udhamsinghnagar,Bazpur APMC
Punjab,Bhatinda,Bhagta Bhai Ka APMC
Uttarakhand,Haridwar,Bhagwanpur(Naveen Mandi Sthal) APMC
Kerala,Kottayam,Bharananganam APMC
Uttar Pradesh,Etawah,Bharthna APMC
Uttar Pradesh,Hamirpur,Bharuasumerpur APMC
Uttar Pradesh,Kaushambi,Bharwari APMC
Punjab,Sangrur,Bhawanigarh APMC
Uttar Pradesh,Shravasti,Bhinga APMC
Haryana,Bhiwani,Bhiwani APMC
Madhya Pradesh,Bhopal,Bhopal(F&V) APMC
Rajasthan,Bikaner,Bikaner (F&V) APMC
Uttar Pradesh,Bilaspur,Bilaspur APMC
Chattisgarh,Bilaspur,Bilaspur APMC
Uttar Pradesh,Fatehpur,Bindki APMC
Karnataka,Bangalore,"Binny Mill (F&V), Bangalore APMC"
Uttar Pradesh,Pillibhit,Bishalpur APMC
Manipur,Bishnupur,Bishenpur APMC
Tamil Nadu,Theni,Bodinayakanur(Uzhavar Sandhai ) APMC
Punjab,Mansa,Budalada APMC
Haryana,Bhiwani,Ch. Dadri APMC
Kerala,Thiruvananthapuram,Chala APMC
Kerala,Thirssur,Chalakudy APMC
Punjab,Ropar (Rupnagar),Chamkaur Sahib APMC
Tripura,West District,Champaknagar APMC
Karnataka,Bangalore,Channapatana APMC
Uttar Pradesh,Aligarh,Charra APMC
Kerala,Kollam,Chathanoor APMC
Kerala,Thirssur,Chavakkad APMC
Kerala,Kannur,Chavassery VFPCK APMC
Kerala,Thirssur,Chazhur VFPCK APMC
Kerala,Wayanad,Cheeral VFPCK APMC
Kerala,Thirssur,Chelakkara VFPCK APMC
Tamil Nadu,Thiruvannamalai,Chengam(Uzhavar Sandhai ) APMC
Kerala,Kollam,Chengamanad  VFPCK APMC
Kerala,Thiruvananthapuram,Chenkal  VFPCK APMC
Kerala,Alappuzha,Cherthala APMC
Tamil Nadu,Thiruvannamalai,Cheyyar(Uzhavar Sandhai ) APMC
Haryana,Yamuna Nagar,Chhachrauli APMC
Uttar Pradesh,Kannuj,Chhibramau APMC
Tamil Nadu,Cuddalore,Chidambaram(Uzhavar Sandhai ) APMC
Tamil Nadu,Dindigul,Chinnalapatti(Uzhavar Sandhai ) APMC
Tamil Nadu,Theni,Chinnamanur(Uzhavar Sandhai ) APMC
Kerala,Pathanamthitta,Chittar  VFPCK APMC
Rajasthan,Chittorgarh,Chittorgarh APMC
Uttar Pradesh,Ballia,Chitwadagaon APMC
Tamil Nadu,Madurai,Chokkikulam(Uzhavar Sandhai ) APMC
Tamil Nadu,The Nilgiris,Coonoor(Uzhavar Sandhai ) APMC
Tamil Nadu,Cuddalore,Cuddalore(Uzhavar Sandhai ) APMC
Karnataka,Davangere,Davangere APMC
Gujarat,Banaskanth,Deesa(Deesa Veg Yard) APMC
Uttarakhand,Dehradoon,Dehradoon APMC
Tamil Nadu,Krishnagiri,Denkanikottai(Uzhavar Sandhai ) APMC
Tamil Nadu,Sivaganga,Devakottai (Uzhavar Sandhai ) APMC
Tamil Nadu,Theni,Devaram(Uzhavar Sandhai ) APMC
Uttar Pradesh,Deoria,Devariya APMC
Uttar Pradesh,Amroha,Dhanaura APMC
Haryana,Kaithal,Dhand APMC
Tamil Nadu,Thirupur,Dharapuram(Uzhavar Sandhai ) APMC
Tamil Nadu,Dharmapuri,Dharmapuri(Uzhavar Sandhai ) APMC
Punjab,Sangrur,Dhuri APMC
Punjab,Gurdaspur,Dinanagar APMC
Tamil Nadu,Dindigul,Dindigul(Uzhavar Sandhai ) APMC
Punjab,Ludhiana,Doraha APMC
Punjab,Patiala,Dudhansadhan APMC
Chattisgarh,Durg,Durg APMC
Kerala,Ernakulam,Edackattuvayal  VFPCK APMC
Kerala,Kollam,Edamon VFPCK APMC
Tamil Nadu,Salem,Edapadi (Uzhavar Sandhai ) APMC
Kerala,Kollam,Elamad  VFPCK APMC
Kerala,Malappuram,Elamkulam VFPCK APMC
Kerala,Malappuram,Elamkur  VFPCK APMC
Tamil Nadu,Salem,Elampillai(Uzhavar Sandhai ) APMC
Kerala,Thirssur,Elanad  VFPCK APMC
Haryana,Sirsa,Ellanabad APMC
Kerala,Pathanamthitta,Enadimangalam VFPCK APMC
Kerala,Pathanamthitta,Erath  VFPCK APMC
Kerala,Ernakulam,Ernakulam APMC
Kerala,Idukki,Errattayar VFPCK APMC
Uttar Pradesh,Etah,Etah APMC
Uttar Pradesh,Etawah,Etawah APMC
Kerala,Kottayam,Ettumanoor APMC
Kerala,Kottayam,Ettumanoor VFPCK APMC
Kerala,Pathanamthitta,Ezhamkulam APMC
Kerala,Pathanamthitta,Ezhamkulam VFPCK APMC
Uttar Pradesh,Ayodhya,Faizabad APMC
Haryana,Faridabad,Faridabad APMC
Punjab,Faridkot,Faridkot APMC
Uttar Pradesh,Farukhabad,Farukhabad APMC
Haryana,Fatehabad,Fatehabad APMC
Uttar Pradesh,Sikar,Fatehpur APMC
Uttar Pradesh,Agra,Fatehpur Sikri APMC
Punjab,Fazilka,Fazilka APMC
Haryana,Mewat,FerozpurZirkha(Nagina) APMC
Uttar Pradesh,Firozabad,Firozabad APMC
Punjab,Ferozpur,Firozepur City APMC
Haryana,Sonipat,Ganaur APMC
Tamil Nadu,Pudukkottai,Gandarvakottai(Uzhavar Sandhai ) APMC
Punjab,Hoshiarpur,Garh Shankar APMC
Punjab,Hoshiarpur,Garh Shankar(Mahalpur) APMC
Punjab,Hoshiarpur,GarhShankar (Kotfatuhi) APMC
Meghalaya,South Garo Hills,Gasuapara APMC
Uttar Pradesh,Ghazipur,Gazipur APMC
Nagaland,Zunheboto,Ghathashi APMC
Uttar Pradesh,Mainpuri,Ghiraur APMC
Tamil Nadu,Villupuram,Gingee(Uzhavar Sandhai ) APMC
Tamil Nadu,Erode,Gobichettipalayam(Uzhavar Sandhai ) APMC
Uttar Pradesh,Lakhimpur,Golagokarnath APMC
Uttar Pradesh,Gonda,Gonda APMC
Uttar Pradesh,Bhadohi(Sant Ravi Nagar),Gopiganj APMC
Tamil Nadu,The Nilgiris,Gudalur(Uzhavar Sandhai ) APMC
Tamil Nadu,Vellore,Gudiyatham(Uzhavar Sandhai ) APMC
Tamil Nadu,Chengalpattu,Guduvancheri(Uzhavar Sandhai ) APMC
Punjab,Gurdaspur,Gurdaspur APMC
Haryana,Gurgaon,Gurgaon APMC
Punjab,Ferozpur,Guru Har Sahai APMC
Uttar Pradesh,Hathras,Haathras APMC
Uttarakhand,Nanital,Haldwani APMC
Uttar Pradesh,Hardoi,Hardoi APMC
Uttar Pradesh,Sitapur,Hargaon (Laharpur) APMC
Uttarakhand,Haridwar,Haridwar Union APMC
Kerala,Alappuzha,Harippad APMC
Tamil Nadu,Dharmapuri,Harur(Uzhavar Sandhai ) APMC
Uttar Pradesh,Amroha,Hasanpur APMC
Tamil Nadu,Salem,Hasthampatti(Uzhavar Sandhai ) APMC
Haryana,Hissar,Hissar APMC
Haryana,Palwal,Hodal APMC
Madhya Pradesh,Hoshangabad,Hoshangabad(F&V) APMC
Punjab,Hoshiarpur,Hoshiarpur APMC
Tamil Nadu,Krishnagiri,Hosur(Uzhavar Sandhai ) APMC
Haryana,Kurukshetra,Iamailabad APMC
Manipur,Imphal West,Imphal APMC
Kerala,Kollam,Inchakkad VFPCK APMC
Madhya Pradesh,Indore,Indore(F&V) APMC
Haryana,Karnal,Indri APMC
Kerala,Kannur,Irikkur APMC
Kerala,Thirssur,Irinjalakkuda APMC
Kerala,Kannur,Irityy APMC
Madhya Pradesh,Jabalpur,Jabalpur(F&V) APMC
Uttar Pradesh,Amethi,Jafarganj APMC
Haryana,Yamuna Nagar,Jagadhri APMC
Punjab,Ludhiana,Jagraon APMC
Rajasthan,Jaipur,Jaipur (F&V) APMC
Tamil Nadu,Salem,Jalagandapuram(Uzhavar Sandhai ) APMC
Punjab,Shahjahanpur,Jalalabad APMC
Uttar Pradesh,Shahjahanpur,Jalalabad APMC
Uttar Pradesh,Jalaun (Orai),Jalaun APMC
Maharashtra,Jalgaon,Jalgaon APMC
Tamil Nadu,Chengalpattu,Jameenrayapettai(Uzhavar Sandhai ) APMC
Uttar Pradesh,Prayagraj,Jasra APMC
Uttar Pradesh,Etawah,Jasvantnagar APMC
Uttar Pradesh,Jaunpur,Jaunpur APMC
Tamil Nadu,Ariyalur,Jeyankondam (Uzhavar Sandhai ) APMC
Haryana,Jhajar,Jhajjar APMC
Uttar Pradesh,Jhansi,Jhansi APMC
Uttar Pradesh,Kanpur Dehat,Jhijhank APMC
Rajasthan,Jodhpur,Jodhpur (F&V) APMC
Kerala,Kollam,Kadakkal  VFPCK APMC
Kerala,Palakad,Kadambazhi puram  VFPCK APMC
Tripura,North Tripura,Kadamtala
Kerala,Thirssur,Kadukutty VFPCK APMC
Kerala,Ernakulam,Kadungallur  VFPCK APMC
Tamil Nadu,Vellore,Kahithapattarai(Uzhavar Sandhai ) APMC
Kerala,Kottayam,Kaithepalam VFPCK APMC
Manipur,Kakching,Kakching Market APMC
Kerala,Kozhikode(Calicut),Kakkur VFPCK APMC
Kerala,Pathanamthitta,Kalanjoor  VFPCK APMC
Kerala,Malappuram,Kalikavu VFPCK APMC
Kerala,Kozhikode(Calicut),Kallachi APMC
Tamil Nadu,Kallakuruchi,Kallakurichi(Uzhavar Sandhai ) APMC
Kerala,Thiruvananthapuram,Kallara  VFPCK APMC
Tripura,Khowai,Kalyanpur APMC
Kerala,Idukki,Kamakshi VFPCK APMC
Tamil Nadu,Theni,Kambam(Uzhavar Sandhai ) APMC
Uttar Pradesh,Farukhabad,Kamlaganj APMC
Tamil Nadu,Kancheepuram,Kancheepuram(Uzhavar Sandhai ) APMC
Tamil Nadu,Thirunelveli,Kandiyaperi(Uzhavar Sandhai ) APMC
Tamil Nadu,Thirupur,Kangayam(Uzhavar Sandhai ) APMC
Kerala,Kasargod,Kanjangadu APMC
Kerala,Kottayam,Kanjirappally APMC
Kerala,Ernakulam,Kanjoor VFPCK APMC
Kerala,Idukki,Kannakunnu VFPCK APMC
Kerala,Malappuram,Kannamangalam  VFPCK APMC
Uttar Pradesh,Kannuj,Kannauj APMC
Tamil Nadu,Sivaganga,Karaikudi(Uzhavar Sandhai ) APMC
Kerala,Thirssur,Karalam VFPCK APMC
Tamil Nadu,Pudukkottai,Karambakkudi(Uzhavar Sandhai ) APMC
Kerala,Palakad,Karimpuzha VFPCK APMC
Tamil Nadu,Virudhunagar,Kariyapatti(Uzhavar Sandhai ) APMC
Kerala,Ernakulam,Karumaloor VFPCK APMC
Tamil Nadu,Karur,Karur(Uzhavar Sandhai ) APMC
Kerala,Thirssur,Karuvannur VFPCK APMC
Uttar Pradesh,Chitrakut,Karvi APMC
Kerala,Kasargod,Kasargod APMC
Uttar Pradesh,Kasganj,Kasganj APMC
Uttarakhand,Udhamsinghnagar,Kashipur APMC
Jammu and Kashmir,Kathua,Kathua APMC
Madhya Pradesh,Katni,Katni(F&V) APMC
Tamil Nadu,Vellore,Katpadi (Uzhavar Sandhai ) APMC
Kerala,Thiruvananthapuram,Kattakkada  VFPCK APMC
Kerala,Kottayam,Kattampak  VFPCK APMC
Kerala,Idukki,Kattappana APMC
Tamil Nadu,Krishnagiri,Kaveripattinam(Uzhavar Sandhai ) APMC
Uttar Pradesh,Farukhabad,Kayamganj APMC
Kerala,Alappuzha,Kayamkulam APMC
Tamil Nadu,Thiruvannamalai,Keelpennathur(Uzhavar Sandhai ) APMC
Kerala,Kozhikode(Calicut),Keezhparamba  VFPCK APMC
Kerala,Kannur,Kelakam VFPCK APMC
Uttar Pradesh,Fatehpur,Khaga APMC
Uttar Pradesh,Aligarh,Khair APMC
Gujarat,Anand,Khambhat(Veg Yard Khambhat) APMC
Punjab,Ludhiana,Khanna APMC
Uttar Pradesh,Kota,Khatauli APMC
Uttarakhand,Udhamsinghnagar,Khateema APMC
Meghalaya,East Jaintia Hills,Khliehriat APMC
Uttarakhand,Udhamsinghnagar,Kicchha APMC
Kerala,Thiruvananthapuram,Kilmannur VFPCK APMC
Kerala,Palakad,Kizhakkancheri VFPCK APMC
Kerala,Malappuram,Kodakkad  VFPCK APMC
Kerala,Thirssur,Kodassery VFPCK APMC
Kerala,Kozhikode(Calicut),Kodenchery VFPCK APMC
Kerala,Idukki,Kodikulam  VFPCK APMC
Kerala,Kozhikode(Calicut),Kodiyathur VFPCK APMC
Kerala,Pathanamthitta,Kodumon VFPCK APMC
Kerala,Palakad,Koduvayoor APMC
Kerala,Kannur,Kolayad VFPCK APMC
Kerala,Kollam,Kollam APMC
Kerala,Thiruvananthapuram,Kollayil  VFPCK APMC
Kerala,Palakad,Kollengode APMC
Uttar Pradesh,Jalaun (Orai),Konch APMC
Kerala,Kannur,Koodali  VFPCK APMC
Kerala,Kozhikode(Calicut),Koodaranji VFPCK APMC
Kerala,Malappuram,Koorad Wandoor VFPCK APMC
Kerala,Ernakulam,Koovapadi VFPCK APMC
Uttar Pradesh,Mau(Maunathbhanjan),Kopaganj APMC
Uttar Pradesh,Mathura,Kosikalan APMC
Haryana,Rewari,Kosli APMC
Rajasthan,Kota,Kota (F&V) APMC
Uttarakhand,Garhwal (Pauri),Kotadwara APMC
Kerala,Ernakulam,Kothamangalam APMC
Kerala,Malappuram,Kottakkal APMC
Kerala,Kollam,Kottarakkara APMC
Kerala,Kottayam,Kottayam APMC
Kerala,Thiruvananthapuram,Kovilnada  VFPCK APMC
Tamil Nadu,Tuticorin,Kovilpatti(Uzhavar Sandhai ) APMC
Tamil Nadu,Krishnagiri,Krishnagiri(Uzhavar Sandhai ) APMC
Kerala,Kottayam,Ks Mangalam VFPCK APMC
Kerala,Kollam,Kulathoopuzha VFPCK APMC
Jammu and Kashmir,Anantnag,Kulgam APMC
Tamil Nadu,Karur,Kulithalai(Uzhavar Sandhai ) APMC
Tamil Nadu,Namakkal,Kumarapalayam(Uzhavar Sandhai ) APMC
Tamil Nadu,Thanjavur,Kumbakonam (Uzhavar Sandhai ) APMC
Tamil Nadu,Kancheepuram,Kundrathur(Uzhavar Sandhai ) APMC
Kerala,Kozhikode(Calicut),Kunnamangalam  VFPCK APMC
Kerala,Thiruvananthapuram,Kunnathukkal VFPCK APMC
Kerala,Ernakulam,Kunnukara  VFPCK APMC
Punjab,Mohali,Kurali APMC
Tamil Nadu,Coimbatore,Kurichi(Uzhavar Sandhai ) APMC
Kerala,Kottayam,Kurichy VFPCK APMC
Kerala,Kottayam,Kuriem  VFPCK APMC
Kerala,Ernakulam,Kurumassery VFPCK APMC
Kerala,Kottayam,Kuruppanthura APMC
Kerala,Kannur,Kuthuparambu APMC
Kerala,Pathanamthitta,Kuttoor APMC
Kerala,Thirssur,Kuzhur  VFPCK APMC
Haryana,Kurukshetra,Ladwa APMC
Uttar Pradesh,Lakhimpur,Lakhimpur APMC
Tamil Nadu,Thiruchirappalli,Lalgudi(Uzhavar Sandhai ) APMC
Manipur,Imphal East,Lamlong Bazaar APMC
Madhya Pradesh,Gwalior,Lashkar(F&V) APMC
Punjab,Sangrur,Lehra Gaga APMC
Haryana,Bhiwani,Loharu APMC
Nagaland,Longleng,Longleng APMC
Uttar Pradesh,Lucknow,Lucknow APMC
Kerala,Alappuzha,Madhavapuram APMC
Tamil Nadu,Chengalpattu,Madhuranthagam(Uzhavar Sandhai ) APMC
Kerala,Kasargod,Madikai  VFPCK APMC
Uttar Pradesh,Mahoba,Mahoba APMC
Uttar Pradesh,Mainpuri,Mainpuri APMC
Kerala,Thirssur,Mala VFPCK APMC
Kerala,Ernakulam,Malayattoor  VFPCK APMC
Punjab,Sangrur,Malerkotla APMC
Kerala,Pathanamthitta,Mallappally  VFPCK APMC
Kerala,Kannur,Maloor VFPCK APMC
Punjab,Muktsar,Malout APMC
Punjab,Ferozpur,Mamdot APMC
Tamil Nadu,Thiruchirappalli,Manachanallur(Uzhavar Sandhai ) APMC
Tamil Nadu,Thiruchirappalli,Manapparai(Uzhavar Sandhai ) APMC
Kerala,Wayanad,Manathavady APMC
Kerala,Kannur,Mangattidom VFPCK APMC
Uttarakhand,Haridwar,Manglaur APMC
Kerala,Malappuram,Manjeri APMC
Kerala,Malappuram,Mankada VFPCK APMC
Kerala,Kottayam,Mannackanad  VFPCK APMC
Tamil Nadu,Thiruvarur,Mannargudi I(Uzhavar Sandhai ) APMC
Tamil Nadu,Thiruvarur,Mannargudi II(Uzhavar Sandhai ) APMC
Punjab,Gandhinagar,Mansa APMC
Goa,North Goa,Mapusa APMC
Kerala,Thiruvananthapuram,Maranelloor VFPCK APMC
Kerala,Thirssur,Marottichal  VFPCK APMC
Uttar Pradesh,Mathura,Mathura APMC
Kerala,Kannur,Mattannur  VFPCK APMC
Kerala,Thirssur,Mattathur VFPCK APMC
Uttar Pradesh,Hamirpur,Maudaha APMC
Punjab,Bhatinda,Maur APMC
Uttar Pradesh,Jhansi,Mauranipur APMC
Kerala,Kozhikode(Calicut),Mavoor  VFPCK APMC
Tamil Nadu,Nagapattinam,Mayiladuthurai(Uzhavar Sandhai ) APMC
Kerala,Ernakulam,Mazhuvannur VFPCK APMC
Haryana,Rohtak,Meham APMC
Uttar Pradesh,Sitapur,Mehmoodabad APMC
Gujarat,Mehsana,Mehsana(Mehsana Veg) APMC
Tripura,Sepahijala,Melaghar APMC
Tamil Nadu,Thirunelveli,Melapalayam(Uzhavar Sandhai ) APMC
Kerala,Idukki,Melechinnar VFPCK APMC
Kerala,Thirssur,Melocr VFPCK APMC
Tamil Nadu,Madurai,Melur(Uzhavar Sandhai ) APMC
Tamil Nadu,Coimbatore,Mettupalayam(Uzhavar Sandhai ) APMC
Tamil Nadu,Salem,Mettur(Uzhavar Sandhai ) APMC
Kerala,Pathanamthitta,Mezhuveli  VFPCK APMC
Uttar Pradesh,Rampur,Milak APMC
Punjab,Moga,Moga APMC
Uttar Pradesh,Farukhabad,Mohamadabad APMC
Uttar Pradesh,Khiri (Lakhimpur),Mohammdi APMC
Tamil Nadu,Namakkal,Mohanur(Uzhavar Sandhai ) APMC
Haryana,Mahendragarh-Narnaul,Mohindergarh APMC
Kerala,Ernakulam,Mookkannur  VFPCK APMC
Kerala,Malappuram,Moothedam  VFPCK APMC
Kerala,Ernakulam,Moovattupuzha APMC
Punjab,Ropar (Rupnagar),Morinda APMC
Uttar Pradesh,Jhansi,Moth APMC
Kerala,Thiruvananthapuram,Mudakkal VFPCK APMC
Punjab,Hoshiarpur,Mukerian APMC
Punjab,Hoshiarpur,Mukerian(Talwara) APMC
Kerala,Kozhikode(Calicut),Mukkam  VFPCK APMC
Kerala,Kozhikode(Calicut),Mukkom APMC
Punjab,Muktsar,Muktsar APMC
Maharashtra,Mumbai,Mumbai- Fruit Market APMC
Kerala,Idukki,Munnar APMC
Kerala,Thirssur,Muriyad  VFPCK APMC
Tamil Nadu,Thiruchirappalli,Musiri(Uzhavar Sandhai ) APMC
Uttar Pradesh,Hamirpur,Muskara APMC
Kerala,Kottayam,Mutholy  VFPCK APMC
Kerala,Wayanad,Muttil VFPCK APMC
Kerala,Thiruvananthapuram,Mylachal VFPCK APMC
Tamil Nadu,Nagercoil (Kannyiakumari),Myladi(Uzhavar Sandhai ) APMC
Tamil Nadu,Thirunelveli,NGO Colony(Uzhavar Sandhai ) APMC
Uttar Pradesh,Bahraich,Naanpara APMC
Punjab,Patiala,Nabha APMC
Tamil Nadu,Nagapattinam,Nagapattinam(Uzhavar Sandhai ) APMC
Maharashtra,Nagpur,Nagpur APMC
Assam,Nalbari,Nalbari APMC
Tamil Nadu,Namakkal,Namakkal(Uzhavar Sandhai ) APMC
Tamil Nadu,Chengalpattu,Nanganallur(Uzhavar Sandhai ) APMC
Kerala,Pathanamthitta,Naranganam  VFPCK APMC
Haryana,Mahendragarh-Narnaul,Narnaul APMC
Jammu and Kashmir,Jammu,Narwal Jammu (F&V) APMC
Haryana,Jind,Narwana APMC
Maharashtra,Nashik,Nasik APMC
Tamil Nadu,Thirupathur,Natrampalli(Uzhavar Sandhai ) APMC
Gujarat,Navsari,Navsari APMC
Uttar Pradesh,Gonda,Nawabganj APMC
Punjab,Nawanshahr,Nawan Shahar(Subzi Mandi) APMC
Kerala,Thiruvananthapuram,Nedumangadu APMC
Kerala,Pathanamthitta,Nedumbram VFPCK APMC
Kerala,Idukki,Nedumkandam APMC
Kerala,Kollam,Nedumpaikulam  VFPCK APMC
Kerala,Kollam,Nedumpana  VFPCK APMC
Kerala,Ernakulam,Nedungapra  VFPCK APMC
Kerala,Kollam,Neduvathoor  VFPCK APMC
Kerala,Kasargod,Neeleswaram APMC
Kerala,Kottayam,Neezhoor VFPCK APMC
Haryana,Panchkula,"New Grain Market , Panchkula APMC"
Haryana,Karnal,"New Grain Market(main), Karnal APMC"
Kerala,Thiruvananthapuram,Neyyattinkara  VFPCK APMC
Kerala,Thirssur,Nooluvally  VFPCK APMC
Kerala,Pathanamthitta,Omalloor APMC
Uttar Pradesh,Jalaun (Orai),Orai APMC
Kerala,Malappuram,Othayi  VFPCK APMC
Himachal Pradesh,Bilaspur,PMY Bilaspur
Himachal Pradesh,Chamba,PMY Chamba
Himachal Pradesh,Hamirpur,PMY Hamirpur
Himachal Pradesh,Kangra,PMY Kangra
Himachal Pradesh,Solan,PMY Kather Solan
Himachal Pradesh,Kullu,PMY Kullu
Himachal Pradesh,Sirmore,PMY Paonta Sahib
Himachal Pradesh,Una,PMY Una
Tripura,Unokoti,Pabiacherra APMC
Tamil Nadu,Kancheepuram,Padappai(Uzhavar Sandhai ) APMC
Kerala,Wayanad,Padinjarathara  VFPCK APMC
Kerala,Kottayam,Pala APMC
Tamil Nadu,Dharmapuri,Palacode(Uzhavar Sandhai ) APMC
Kerala,Palakad,Palakkad APMC
Tamil Nadu,Madurai,Palanganatham(Uzhavar Sandhai ) APMC
Tamil Nadu,Dindigul,Palani(Uzhavar Sandhai ) APMC
Tamil Nadu,Thirunelveli,Palayamkottai(Uzhavar Sandhai ) APMC
Uttar Pradesh,Lakhimpur,Paliakala APMC
Tamil Nadu,Thirupur,Palladam(Uzhavar Sandhai ) APMC
Tamil Nadu,Karur,Pallapatti (Uzhavar Sandhai ) APMC
Tamil Nadu,Chengalpattu,Pallavaram(Uzhavar Sandhai ) APMC
Kerala,Pathanamthitta,Pallikkal  VFPCK APMC
Kerala,Malappuram,Pallikkal VFPCK APMC
Kerala,Kottayam,Pampady APMC
Kerala,Thirssur,Pananchery VFPCK APMC
Haryana,Panchkula,Panchkul(Kalka) APMC
Kerala,Pathanamthitta,Pandalam APMC
Kerala,Pathanamthitta,Pandalam Thekkekkara  VFPCK APMC
Kerala,Pathanamthitta,Pandalam VFPCK APMC
Haryana,Panipat,Panipat APMC
Tripura,North Tripura,Panisagar APMC
Tamil Nadu,Cuddalore,Panruti(Uzhavar Sandhai ) APMC
Tamil Nadu,Thanjavur,Papanasam(Uzhavar Sandhai ) APMC
Kerala,Pathanamthitta,Parakkodu APMC
Tamil Nadu,Ramanathapuram,Paramakudi(Uzhavar Sandhai ) APMC
Tamil Nadu,Namakkal,Paramathivelur(Uzhavar Sandhai ) APMC
Kerala,Malappuram,Parappanangadi APMC
Kerala,Malappuram,Parappanangadi VFPCK APMC
Kerala,Thiruvananthapuram,Parassala APMC
Kerala,Thiruvananthapuram,Parassala VFPCK APMC
Kerala,Kottayam,Parathode VFPCK APMC
Jammu and Kashmir,Srinagar,Parimpore APMC
Kerala,Thirssur,Pariyaram VFPCK APMC
Odisha,Gajapati,Parlakhemundi APMC
Tamil Nadu,Thiruvellore,Paruthipattu(Uzhavar Sandhai ) APMC
Haryana,Gurgaon,Pataudi APMC
Punjab,Pathankot,Pathankot APMC
Punjab,Patiala,Patiala APMC
Punjab,Patiala,Patran APMC
Kerala,Palakad,Pattambi APMC
Kerala,Kollam,Pattazhy North VFPCK APMC
Punjab,Tarntaran,Patti APMC
Tamil Nadu,Thanjavur,Pattukottai(Uzhavar Sandhai ) APMC
Kerala,Kannur,Payam VFPCK APMC
Kerala,Kannur,Payyannur APMC
Kerala,Thirssur,Pazhayannur VFPCK APMC
Kerala,Idukki,Pazhayarikandam  VFPCK APMC
Haryana,Kurukshetra,Pehowa APMC
Tamil Nadu,Dharmapuri,Pennagaram(Uzhavar Sandhai ) APMC
Tamil Nadu,Perambalur,Perambalur(Uzhavar Sandhai ) APMC
Kerala,Kannur,Peravoor VFPCK APMC
Kerala,Wayanad,Peria VFPCK APMC
Kerala,Malappuram,Perinthalmanna APMC
Tamil Nadu,Theni,Periyakulam(Uzhavar Sandhai ) APMC
Tamil Nadu,Erode,Periyar Nagar(Uzhavar Sandhai ) APMC
Kerala,Ernakulam,Perumbavoor APMC
Tamil Nadu,Erode,Perundurai(Uzhavar Sandhai ) APMC
Nagaland,Phek,Pfatsero APMC
Nagaland,Phek,Phek APMC
Uttar Pradesh,Pillibhit,Pilibhit APMC
Kerala,Kollam,Piravanthoor VFPCK APMC
Kerala,Kollam,Plappally VFPCK APMC
Tamil Nadu,Coimbatore,Pollachi(Uzhavar Sandhai ) APMC
Tamil Nadu,Thiruvannamalai,Polur(Uzhavar Sandhai ) APMC
Kerala,Wayanad,Poothadi VFPCK APMC
Gujarat,Porbandar,Porbandar APMC
Kerala,Ernakulam,Pothanikkadu VFPCK APMC
Kerala,Pathanamthitta,Pramadom VFPCK APMC
Tamil Nadu,Pudukkottai,Pudukottai(Uzhavar Sandhai ) APMC
Uttar Pradesh,Kanpur Dehat,Pukharayan APMC
Kerala,Kasargod,Pullur Periya  VFPCK APMC
Kerala,Wayanad,Pulpally APMC
Kerala,Kollam,Punalur APMC
Kerala,Kollam,Punalur VFPCK APMC
Maharashtra,Pune,Pune APMC
Maharashtra,Pune,Pune(Moshi) APMC
Kerala,Pathanamthitta,Puramattom VFPCK APMC
Uttar Pradesh,Pillibhit,Puranpur APMC
Uttar Pradesh,Unnao,Purwa APMC
Kerala,Thirssur,Puthur  VFPCK APMC
Kerala,Kollam,Puthur VFPCK APMC
Uttar Pradesh,Shahjahanpur,Puwaha APMC
Punjab,Gurdaspur,Quadian APMC
Tamil Nadu,Coimbatore,RSPuram(Uzhavar Sandhai ) APMC
Haryana,Yamuna Nagar,Radaur APMC
Uttar Pradesh,Raebarelli,Raibareilly APMC
Chattisgarh,Raigarh,Raigarh APMC
Kerala,Idukki,Rajakkad  VFPCK APMC
Tamil Nadu,Virudhunagar,Rajapalayam(Uzhavar Sandhai ) APMC
Chattisgarh,Rajnandgaon,Rajnandgaon APMC
Jammu and Kashmir,Rajouri,Rajouri (F&V) APMC
Gujarat,Narmada,Rajpipla APMC
Punjab,Patiala,Rajpura APMC
Punjab,Bhatinda,Raman APMC
Tamil Nadu,Ramanathapuram,Ramanathapuram(Uzhavar Sandhai ) APMC
Kerala,Kottayam,Ramapuram VFPCK APMC
Uttarakhand,West Chambaran,Ramnagar APMC
Uttar Pradesh,Rampur,Rampur APMC
Punjab,Bhatinda,Rampuraphul(Nabha Mandi) APMC
Haryana,Sirsa,Rania APMC
Tamil Nadu,Ranipet,Ranipettai(Uzhavar Sandhai ) APMC
Kerala,Pathanamthitta,Ranni VFPCK APMC
Kerala,Pathanamthitta,Ranniangadi APMC
Uttar Pradesh,Ballia,Rasda APMC
Tamil Nadu,Namakkal,Rasipuram(Uzhavar Sandhai ) APMC
Haryana,Fatehabad,Ratia APMC
Andhra Pradesh,East Godavari,Ravulapelem APMC
Madhya Pradesh,Rewa,Rewa(F&V) APMC
Haryana,Rewari,Rewari APMC
Uttar Pradesh,Bareilly,Richha APMC
Uttarakhand,Dehradoon,Rishikesh APMC
Haryana,Rohtak,Rohtak APMC
Uttarakhand,Haridwar,Roorkee APMC
Punjab,Ropar (Rupnagar),Ropar APMC
Uttarakhand,Udhamsinghnagar,Rudrapur APMC
Uttar Pradesh,Kanpur Dehat,Rura APMC
Himachal Pradesh,Kangra,SMY Baijnath
Himachal Pradesh,Kullu,SMY Bhuntar
Himachal Pradesh,Mandi,SMY Dhanotu
Himachal Pradesh,Kangra,SMY Dharamshala
Himachal Pradesh,Kangra,SMY Jaisinghpur
Himachal Pradesh,Kangra,SMY Jassur
Himachal Pradesh,Mandi,SMY Jogindernagar
Himachal Pradesh,Kangra,SMY Jwalaji
Himachal Pradesh,Hamirpur,SMY Nadaun
Himachal Pradesh,Kangra,SMY Nagrota Bagwan
Himachal Pradesh,Sirmore,SMY Nahan
Himachal Pradesh,Solan,SMY Nalagarh
Himachal Pradesh,Kangra,SMY Palampur
Himachal Pradesh,Una,SMY Santoshgarh
Haryana,Yamuna Nagar,Sadhaura APMC
Uttar Pradesh,Barabanki,Safdarganj APMC
Haryana,Jind,Safidon APMC
Madhya Pradesh,Sagar,Sagar(F&V) APMC
Tamil Nadu,Erode,Sampath Nagar(Uzhavar Sandhai ) APMC
Haryana,Rohtak,Sampla APMC
Tamil Nadu,Tenkasi,Sankarankoil(Uzhavar Sandhai ) APMC
Tamil Nadu,Kallakuruchi,Sankarapuram(Uzhavar Sandhai ) APMC
Kerala,Kollam,Sasthamkotta APMC
Kerala,Kollam,Sasthamkotta VFPCK APMC
Tamil Nadu,Erode,Sathiyamagalam(Uzhavar Sandhai ) APMC
Tamil Nadu,Virudhunagar,Sathur(Uzhavar Sandhai ) APMC
Tamil Nadu,Erode,Sathyamangalam APMC
Kerala,Pathanamthitta,Seethathode  VFPCK APMC
Haryana,Kurukshetra,Shahabad APMC
Uttar Pradesh,Hardoi,Shahabad(New Mandi) APMC
Uttar Pradesh,Badaun,Shahaswan APMC
Uttar Pradesh,Jaunpur,Shahganj APMC
Uttar Pradesh,Shahjahanpur,Shahjahanpur APMC
Madhya Pradesh,Sheopur,Sheopurkalan(F&V) APMC
Meghalaya,East Khasi Hills,Shillong APMC
Uttar Pradesh,Bulandshahar,Sikanderabad APMC
West Bengal,Darjeeling,Siliguri APMC
Tamil Nadu,Sivaganga,Singampunari(Uzhavar Sandhai ) APMC
Tamil Nadu,Coimbatore,Singanallur(Uzhavar Sandhai ) APMC
Punjab,Fatehgarh,Sirhind APMC
Tamil Nadu,Nagapattinam,Sirkali(Uzhavar Sandhai ) APMC
Haryana,Sirsa,Sirsa APMC
Uttar Pradesh,Surguja,Sitapur APMC
Uttarakhand,Udhamsinghnagar,Sitarganj APMC
Tamil Nadu,Sivaganga,Sivagangai (Uzhavar Sandhai ) APMC
Tamil Nadu,Virudhunagar,Sivakasi(Uzhavar Sandhai ) APMC
Meghalaya,East Khasi Hills,Sohra APMC
Haryana,Sonipat,Sonepat APMC
Tamil Nadu,Salem,Sooramangalam(Uzhavar Sandhai ) APMC
Kerala,Kollam,Sooranad  VFPCK APMC
Kerala,Kannur,Sreekandapuram VFPCK APMC
Rajasthan,Ganganagar,Sriganganagar (F&V) APMC
Tamil Nadu,Virudhunagar,Srivilliputhur(Uzhavar Sandhai ) APMC
Kerala,Wayanad,Sulthanbathery  VFPCK APMC
Tamil Nadu,Coimbatore,Sulur(Uzhavar Sandhai ) APMC
Punjab,Sangrur,Sunam APMC
Tamil Nadu,Coimbatore,Sundarapuram(Uzhavar Sandhai ) APMC
Tamil Nadu,Kancheepuram,Sunguvarchatram(Uzhavar Sandhai ) APMC
Kerala,Kannur,Taliparamba APMC
Punjab,Bhatinda,Talwandi Sabo APMC
Tamil Nadu,Thiruvannamalai,Tamarainagar(Uzhavar Sandhai ) APMC
Uttarakhand,Champawat,Tanakpur APMC
Haryana,Karnal,Tarori APMC
Haryana,Mewat,Tauru APMC
Tripura,Khowai,Teliamura APMC
Tamil Nadu,Tenkasi,Tenkasi(Uzhavar Sandhai ) APMC
Kerala,Kozhikode(Calicut),Thalakulathur VFPCK APMC
Kerala,Malappuram,Thalappara  VFPCK APMC
Kerala,Kannur,Thalasserry APMC
Tamil Nadu,Erode,Thalavadi(Uzhavar Sandhai ) APMC
Tamil Nadu,Virudhunagar,Thalavaipuram(Uzhavar Sandhai ) APMC
Kerala,Kollam,Thalavoor VFPCK APMC
Kerala,Kottayam,Thalayolaparambu APMC
Kerala,Alappuzha,Thamarakkulam VFPCK APMC
Tamil Nadu,Salem,Thammampatti (Uzhavar Sandhai ) APMC
Madhya Pradesh,Jhabua,Thandla(F&V) APMC
Haryana,Kurukshetra,Thanesar APMC
Tamil Nadu,Thanjavur,Thanjavur(Uzhavar Sandhai ) APMC
Kerala,Wayanad,Thariyode VFPCK APMC
Tamil Nadu,Salem,Thathakapatti(Uzhavar Sandhai ) APMC
Kerala,Wayanad,Thavinjal VFPCK APMC
Kerala,Pathanamthitta,Thengamam VFPCK APMC
Tamil Nadu,Theni,Theni(Uzhavar Sandhai ) APMC
Tamil Nadu,Chengalpattu,Thirukalukundram(Uzhavar Sandhai ) APMC
Tamil Nadu,Vellore,Thirupathur APMC
Kerala,Malappuram,Thirurrangadi APMC
Kerala,Malappuram,Thiruvali  VFPCK APMC
Kerala,Kozhikode(Calicut),Thiruvambady VFPCK APMC
Kerala,Ernakulam,Thiruvaniyoor  VFPCK APMC
Kerala,Idukki,Thodupuzha APMC
Kerala,Idukki,Thompramkudi VFPCK APMC
Kerala,Wayanad,Thondernad  VFPCK APMC
Kerala,Thirssur,Thottippal VFPCK APMC
Kerala,Kottayam,Thottuva  VFPCK APMC
Manipur,Thoubal,Thoubal APMC
Kerala,Kottayam,Thrikkodithanam  VFPCK APMC
Kerala,Ernakulam,Thrippunithura APMC
Kerala,Thirssur,Thrissur APMC
Tamil Nadu,Thiruchirappalli,Thuraiyur APMC
Kerala,Ernakulam,Thuravoor VFPCK APMC
Uttar Pradesh,Khiri (Lakhimpur),Tikonia APMC
Uttar Pradesh,Shahjahanpur,Tilhar APMC
Tamil Nadu,Villupuram,Tindivanam APMC
Chattisgarh,Bilaspur,Tiphra APMC
Tamil Nadu,Namakkal,Tiruchengode APMC
Andhra Pradesh,Chittor,Tirupati APMC
Tamil Nadu,Sivaganga,Tirupatthur(Uzhavar Sandhai ) APMC
Tamil Nadu,Thirupur,Tiruppur (North) (Uzhavar Sandhai ) APMC
Tamil Nadu,Thirupur,Tiruppur (South) (Uzhavar Sandhai ) APMC
Tamil Nadu,Thiruvarur,Tiruthuraipoondi(Uzhavar Sandhai ) APMC
Tamil Nadu,Thiruvellore,Tiruvallur(Uzhavar Sandhai ) APMC
Tamil Nadu,Thiruvannamalai,Tiruvannamalai(Uzhavar Sandhai ) APMC
Tamil Nadu,Thiruvarur,Tiruvarur(Uzhavar Sandhai ) APMC
Nagaland,Tsemenyu,Tsemenyu APMC
Nagaland,Tuensang,Tuensang APMC
Nagaland,Mokokchung,Tuli APMC
Uttar Pradesh,Firozabad,Tundla APMC
Meghalaya,West Garo Hills,Tura APMC
Tamil Nadu,Tuticorin,Tuticorin(Uzhavar Sandhai ) APMC
Rajasthan,Udaipur,Udaipur (F&V) APMC
Tamil Nadu,The Nilgiris,Udhagamandalam(Uzhavar Sandhai ) APMC
Jammu and Kashmir,Udhampur,Udhampur APMC
Tamil Nadu,Coimbatore,Udumalpet APMC
Kerala,Idukki,Udumbannoor  VFPCK APMC
Karnataka,Udupi,Udupi APMC
Tamil Nadu,Villupuram,Ulundurpettai APMC
Uttar Pradesh,Unnao,Unnao APMC
Kerala,Palakad,Vadakkenchery APMC
Tamil Nadu,Nagercoil (Kannyiakumari),Vadaseri APMC
Tamil Nadu,Coimbatore,Vadavalli(Uzhavar Sandhai ) APMC
Gujarat,Surendranagar,Vadhvan APMC
Kerala,Kottayam,Vakathanam VFPCK APMC
Kerala,Kollam,Valakom  VFPCK APMC
Tamil Nadu,Thiruvarur,Valangaiman APMC
Gujarat,Valsad,Valsad APMC
Kerala,Thiruvananthapuram,Vamanapuram APMC
Tamil Nadu,Thiruvannamalai,Vandavasi(Uzhavar Sandhai ) APMC
Kerala,Idukki,Vandiperiyar APMC
Kerala,Palakad,Vaniyamkulam  VFPCK APMC
Tamil Nadu,Thirupathur,Vaniyampadi(Uzhavar Sandhai ) APMC
Kerala,Thirssur,Varandarappilly  VFPCK APMC
Uttar Pradesh,Kanpur,Varipaal APMC
Kerala,Kottayam,Vayala  VFPCK APMC
Kerala,Malappuram,Vazhayur VFPCK APMC
Tamil Nadu,Dindigul,Vedasanthur(Uzhavar Sandhai ) APMC
Tamil Nadu,Karur,Velayuthampalayam(Uzhavar Sandhai ) APMC
Kerala,Kollam,Veliyam  VFPCK APMC
Kerala,Thiruvananthapuram,Vellanad VFPCK APMC
Kerala,Kozhikode(Calicut),Vellannur  VFPCK APMC
Kerala,Thiruvananthapuram,Vellarada  VFPCK APMC
Tamil Nadu,Vellore,Vellore APMC
Kerala,Thiruvananthapuram,Vembayam VFPCK APMC
Kerala,Kottayam,Vempally  VFPCK APMC
Kerala,Thiruvananthapuram,Vengannore  VFPCK APMC
Kerala,Wayanad,Vengapally VFPCK APMC
Kerala,Alappuzha,Venmony  VFPCK APMC
Uttarakhand,Dehradoon,Vikasnagar APMC
Uttar Pradesh,Ballia,Vilthararoad APMC
Tamil Nadu,Pudukkottai,Viralimalai(Uzhavar Sandhai ) APMC
Tamil Nadu,Virudhunagar,Virudhunagar(Uzhavar Sandhai ) APMC
Tamil Nadu,Cuddalore,Viruthachalam(Uzhavar Sandhai ) APMC
Uttar Pradesh,Sitapur,Viswan APMC
Meghalaya,West Jaintia Hills,Wahiajer APMC
Telangana,Warangal,Warangal APMC
Uttar Pradesh,Badaun,Wazirganj APMC
Meghalaya,East Garo Hills,Williamnagar APMC
Nagaland,Wokha,Wokha Town APMC
Haryana,Yamuna Nagar,Yamuna Nagar APMC
Maharashtra,Jalgaon,Yawal APMC
Haryana,Sirsa,kalanwali APMC
Maharashtra,Akola,Akola APMC
Tamil Nadu,Thiruvellore,Ambattur(Uzhavar Sandhai ) APMC
Gujarat,Amreli,Amreli APMC
Madhya Pradesh,Badwani,Anjad APMC
Madhya Pradesh,Khargone,Bedia APMC
Maharashtra,Nagpur,Bhiwapur APMC
Odisha,Bolangir,Bolangir APMC
Maharashtra,Nanded,Dharmabad APMC
Maharashtra,Dhule,Dhule APMC
Maharashtra,Dhule,Dondaicha APMC
Maharashtra,Kolhapur,Gadhinglaj APMC
Andhra Pradesh,Palnadu,Gurazala APMC
Madhya Pradesh,Indore,Indore APMC
Maharashtra,Jalana,Jalana APMC
Gujarat,Rajkot,Jetpur(Dist.Rajkot) APMC
Rajasthan,Jodhpur,Jodhpur(F&V)(Paota) APMC
Madhya Pradesh,Dhar,Kukshi APMC
Maharashtra,Nagpur,Mandhal APMC
Madhya Pradesh,Mandsaur,Mandsaur APMC
Maharashtra,Mumbai,Mumbai APMC
Maharashtra,Nandurbar,Nandurbar APMC
Madhya Pradesh,Morena,Porsa APMC
Maharashtra,Nagpur,Ramtek APMC
Maharashtra,Sangli,Sangli APMC
Karnataka,Shimoga,Shimoga APMC
Maharashtra,Dhule,Shirpur APMC
Maharashtra,Sholapur,Solapur APMC
Rajasthan,Udaipur,Udaipur (Grain) APMC
Telangana,Adilabad,Adilabad(Rythu Bazar) APMC
Gujarat,Ahmedabad,Ahmedabad APMC
Punjab,Amritsar,Ajnala APMC
Uttar Pradesh,Prayagraj,Ajuha APMC
Maharashtra,Sholapur,Akluj APMC
West Bengal,Alipurduar,Alipurduar APMC
Assam,Nagaon,Ambagan APMC
Tamil Nadu,Thirunelveli,Ambasamudram(Uzhavar Sandhai ) APMC
Maharashtra,Amarawati,Amrawati(Frui & Veg. Market) APMC
Uttar Pradesh,Amroha,Amroha APMC
Assam,Lakhimpur,Anand Bazar APMC
Gujarat,Anand,"Anand(Veg,Yard,Anand) APMC"
Uttar Pradesh,Maharajganj,Anandnagar APMC
Kerala,Ernakulam,Angamaly APMC
Gujarat,Bharuch,Ankleshwar APMC
Uttar Pradesh,Bulandshahar,Anoop Shahar APMC
Uttar Pradesh,Bareilly,Anwala APMC
Kerala,Thiruvananthapuram,Aralamoodu APMC
Karnataka,Hassan,Arasikere APMC
Odisha,Bargarh,Attabira APMC
Uttar Pradesh,Etah,Awagarh APMC
Uttar Pradesh,Azamgarh,Azamgarh APMC
Tripura,Khowai,Bachaibari APMC
Uttar Pradesh,Raebarelli,Bachranwa APMC
Uttar Pradesh,Badaun,Badayoun APMC
Madhya Pradesh,Khandwa,Badwah(F&V) APMC
Madhya Pradesh,Badwani,Badwani(F&V) APMC
Karnataka,Chikmagalur,Bagepalli APMC
Assam,Lakhimpur,Baginadi APMC
Uttar Pradesh,Baghpat,Bagpat APMC
Assam,Kokrajhar,Balajan Tiniali APMC
Haryana,Faridabad,Ballabhgarh APMC
Uttar Pradesh,Balrampur,Balrampur APMC
Assam,Khurda,Balugaon APMC
West Bengal,Dakshin Dinajpur,Balurghat APMC
Punjab,Nawanshahr,Banga APMC
Karnataka,Kolar,Bangarpet APMC
Assam,Darrang,Banglagarh APMC
Odisha,Cuttack,Banki APMC
West Bengal,North 24 Parganas,Barasat APMC
Uttar Pradesh,Baghpat,Baraut APMC
Madhya Pradesh,Raisen,Bareli(F&V) APMC
Odisha,Mayurbhanja,Baripada APMC
Tripura,South Tripura,Barpathari APMC
West Bengal,Sounth 24 Parganas,Baruipur(Canning) APMC
Uttar Pradesh,Basti,Basti APMC
Punjab,Gurdaspur,Batala APMC
West Bengal,Coochbehar,Baxirhat APMC
West Bengal,Jalpaiguri,Belacoba APMC
Karnataka,Hassan,Belur APMC
Assam,Darrang,Besimari APMC
West Bengal,Nadia,Bethuadahari APMC
Uttar Pradesh,Mainpuri,Bewar APMC
Odisha,Ganjam,Bhanjanagar APMC
Gujarat,Bharuch,Bharuch APMC
Punjab,Tarntaran,Bhikhiwind APMC
Punjab,Jalandhar,Bhogpur APMC
Maharashtra,Jalana,Bhokardan(Pimpalgaon Renu) APMC
Punjab,Bhatinda,Bhucho APMC
Punjab,Kapurthala,Bhulath (Nadala) APMC
Punjab,Kapurthala,Bhulath APMC
Maharashtra,Jalgaon,Bhusaval APMC
Uttar Pradesh,Bijnor,Bijnaur APMC
Assam,Dhubri,Bilasipara APMC
Punjab,Jalandhar,Bilga APMC
Gujarat,Navsari,Bilimora APMC
Uttar Pradesh,Badaun,Bilsi APMC
Tripura,South Tripura,Biokhora
West Bengal,Birbhum,Birbhum APMC
Odisha,Sonepur,Birmaharajpur APMC
Tripura,Sepahijala,Bishalgarh APMC
Tripura,Sepahijala,Bishramganj
Uttar Pradesh,Badaun,Bisoli APMC
West Bengal,Birbhum,Bolpur APMC
Telangana,Hyderabad,Bowenpally APMC
Tripura,Sepahijala,Boxonagar
Assam,Kamrup,Brahmaputra Private Market APMC
Kerala,Ernakulam,Broadway market APMC
Uttar Pradesh,Bulandshahar,Buland Shahr APMC
West Bengal,Purba Bardhaman,Burdwan APMC
Assam,Morigaon,Burhagaon APMC
Madhya Pradesh,Burhanpur,Burhanpur(F&V) APMC
West Bengal,Nadia,Chakdah APMC
Karnataka,Chamrajnagar,Chamaraj Nagar APMC
Uttar Pradesh,Sambhal,Chandausi APMC
Chandigarh,Chandigarh,Chandigarh(Grain/Fruit) APMC
Uttar Pradesh,Chandauli,Chandoli APMC
Maharashtra,Chandrapur,Chandrapur(Ganjwad) APMC
Assam,Dhubri,Chapar APMC
Madhya Pradesh,Chhatarpur,Chattarpur(F&V) APMC
Maharashtra,Chattrapati Sambhajinagar,Chattrapati Sambhajinagar APMC
Kerala,Thirssur,Chelakkara APMC
Tamil Nadu,Chengalpattu,Chengalpet(Uzhavar Sandhai ) APMC
Kerala,Alappuzha,Chengannur APMC
Telangana,Ranga Reddy,Chevella APMC
Karnataka,Kolar,Chickkaballapura APMC
Karnataka,Chikmagalur,Chikkamagalore APMC
Madhya Pradesh,Chhindwara,Chindwara(F&V) APMC
Karnataka,Kolar,Chintamani APMC
Rajasthan,Jaipur Rural,Chomu (F&V) APMC
Uttar Pradesh,Gorakhpur,Chorichora APMC
Uttar Pradesh,Kanpur,Choubepur APMC
Tripura,Dhalai,Chowmanu APMC
Uttar Pradesh,Saharanpur,Chutmalpur APMC
West Bengal,Coochbehar,Coochbehar APMC
Uttar Pradesh,Gautam Budh Nagar,Dadri APMC
Gujarat,Dahod,Dahod(Veg. Market) APMC
Gujarat,Amreli,Damnagar APMC
Uttar Pradesh,Gautam Budh Nagar,Dankaur APMC
Assam,Goalpara,Darangiri Banana Market APMC
Tripura,North Tripura,Dasda APMC
Punjab,Hoshiarpur,Dasuya APMC
Uttar Pradesh,Saharanpur,Deoband APMC
Punjab,Gurdaspur,Dera Baba Nanak APMC
Punjab,Mohali,Dera Bassi APMC
Madhya Pradesh,Dewas,Dewas(F&V) APMC
Assam,Nalbari,Dhamdhama APMC
Madhya Pradesh,Dhar,Dhamnod(F&V) APMC
Punjab,Moga,Dharamkot APMC
Maharashtra,Dharashiv(Usmanabad),Dharashiv APMC
Punjab,Gurdaspur,Dhariwal APMC
Assam,Sonitpur,Dhekiajuli APMC
Assam,Nagaon,Dhing APMC
West Bengal,Jalpaiguri,Dhupguri APMC
West Bengal,Sounth 24 Parganas,Diamond Harbour(South 24-pgs) APMC
Uttar Pradesh,Auraiya,Dibiapur APMC
Nagaland,Dimapur,Dimapur APMC
West Bengal,Coochbehar,Dinhata APMC
Assam,Karbi Anglong,Diphu APMC
Uttar Pradesh,Bulandshahar,Divai APMC
Karnataka,Bangalore,Doddaballa Pur APMC
Uttar Pradesh,Mau(Maunathbhanjan),Doharighat APMC
Assam,Kokrajhar,Dotma Bazar APMC
Uttar Pradesh,Sonbhadra,Dudhi APMC
Odisha,Sonepur,Dungurapalli APMC
West Bengal,Medinipur(E),Egra/contai APMC
Telangana,Hyderabad,Erragadda(Rythu Bazar) APMC
Punjab,Gurdaspur,F.G.Churian APMC
West Bengal,Alipurduar,Falakata APMC
Assam,Cachar,Fatakbazar APMC
Uttar Pradesh,Fatehabad,Fatehabad APMC
Uttar Pradesh,Maharajganj,Gadaura APMC
Tripura,Dhalai,Gandacharra APMC
West Bengal,Dakshin Dinajpur,Gangarampur(Dakshin Dinajpur) APMC
Uttar Pradesh,Saharanpur,Gangoh APMC
West Bengal,Medinipur(W),Garbeta(Medinipur) APMC
Tripura,Gomati,Garjee APMC
West Bengal,Medinipur(W),Ghatal APMC
Uttar Pradesh,Ghaziabad,Ghaziabad APMC
Assam,Lakhimpur,Ghilamara APMC
Punjab,Muktsar,Giddarbaha APMC
Odisha,Bargarh,Godabhaga APMC
Haryana,Sonipat,Gohana APMC
Assam,Golaghat,Golaghat APMC
Gujarat,Rajkot,Gondal(Veg.market Gondal) APMC
Uttar Pradesh,Dindori,Gorakhpur APMC
Assam,Kokrajhar,Gossaigaon APMC
Karnataka,Kolar,Gowribidanoor APMC
Telangana,Hyderabad,Gudimalkapur APMC
Uttar Pradesh,Bulandshahar,Gulavati APMC
Karnataka,Chamrajnagar,Gundlupet APMC
West Bengal,North 24 Parganas,Habra APMC
Assam,Nagaon,Haibargaon APMC
Tripura,Dhalai,Halahali
West Bengal,Coochbehar,Haldibari APMC
Telangana,Warangal,Hanmarkonda(Rythu Bazar) APMC
Uttar Pradesh,Ghaziabad,Hapur APMC
Madhya Pradesh,Harda,Harda(F&V) APMC
Punjab,Tarntaran,Harike APMC
Karnataka,Hassan,Hassan APMC
Maharashtra,Nagpur,Hingna APMC
Karnataka,Davangere,Honnali APMC
Karnataka,Bellary,Hospet APMC
Karnataka,Mysore,Hunsur APMC
Telangana,Ranga Reddy,Ibrahimputnam APMC
West Bengal,Bankura,Indus(Bankura Sadar) APMC
Maharashtra,Sangli,Islampur APMC
Madhya Pradesh,Hoshangabad,Itarsi(F&V) APMC
Assam,Morigaon,Jagiroad Dry Fish Market APMC
Uttar Pradesh,Agra,Jagnair APMC
Uttar Pradesh,Fatehpur,Jahanabad APMC
Uttar Pradesh,Bulandshahar,Jahangirabad APMC
Haryana,Fatehabad,Jakhal APMC
Punjab,Jalandhar,Jalandhar City(Jalandhar) APMC
Assam,Balasore,Jaleswar APMC
Odisha,Balasore,Jaleswar APMC
Rajasthan,Jalore,Jalore APMC
West Bengal,Jalpaiguri,Jalpaiguri Sadar APMC
Nagaland,Kohima,Jalukie APMC
Uttar Pradesh,Ghazipur,Jamanian APMC
Tripura,Sepahijala,Jampuijala APMC
Uttarakhand,Udhamsinghnagar,Jaspur(UC) APMC
Madhya Pradesh,Ratlam,Jawra(F&V) APMC
Uttar Pradesh,Raebarelli,Jayas APMC
Assam,Jorhat,Jorhat APMC
Maharashtra,Pune,Junnar(Narayangaon) APMC
Maharashtra,Pune,Junnar(Otur) APMC
Uttar Pradesh,Shamli,Kairana APMC
Assam,Lakhimpur,Kakoi Weekly Market APMC
Punjab,Gurdaspur,Kalanaur APMC
Karnataka,Kalburgi,Kalburgi APMC
Maharashtra,Nagpur,Kalmeshwar APMC
West Bengal,Purba Bardhaman,Kalna APMC
Gujarat,Gandhinagar,"Kalol(Veg,Market,Kalol) APMC"
Kerala,Wayanad,Kalpetta APMC
Tripura,South Tripura,Kalsi APMC
Telangana,Mahbubnagar,Kalwakurthy APMC
Maharashtra,Thane,Kalyan APMC
West Bengal,Nadia,Kalyani APMC
Odisha,Dhenkanal,Kamakhyanagar APMC
Tripura,West District,Kamalghat
Maharashtra,Nagpur,Kamthi APMC
Tamil Nadu,Ramanathapuram,Kamuthi(Uzhavar Sandhai ) APMC
Tripura,North Tripura,Kanchanpur
Uttar Pradesh,Kanpur,Kanpur(Grain) APMC
Punjab,Kapurthala,Kapurthala APMC
Maharashtra,Satara,Karad APMC
Madhya Pradesh,Shivpuri,Karera(F&V) APMC
Telangana,Karimnagar,Karimnagar APMC
Telangana,Karimnagar,Karimnagar(Rythu Bazar) APMC
West Bengal,Nadia,Karimpur APMC
Assam,Udhamsinghnagar,Kashipur APMC
Kerala,Thiruvananthapuram,Kattakada APMC
Odisha,Kalahandi,Kesinga APMC
Uttar Pradesh,Agra,Khairagarh APMC
Uttar Pradesh,Sant Kabir Nagar,Khalilabad APMC
Punjab,Fatehgarh,Khamano APMC
Uttar Pradesh,Shamli,Khandhla APMC
Madhya Pradesh,Khandwa,Khandwa(F&V) APMC
Punjab,Mohali,Kharar APMC
Madhya Pradesh,Khandwa,Khargone(F&V) APMC
Odisha,Nuapada,Khariar APMC
Odisha,Nuapada,Khariar Road APMC
Maharashtra,Pune,Khed APMC
Maharashtra,Pune,Khed(Chakan) APMC
Uttar Pradesh,Baghpat,Khekda APMC
Madhya Pradesh,Sagar,Khurai(F&V) APMC
Uttar Pradesh,Bulandshahar,Khurja APMC
Nagaland,Kiphire,Kipheri APMC
Uttar Pradesh,Bijnor,Kiratpur APMC
Kerala,Thirssur,Kodungalloor APMC
Nagaland,Kohima,Kohima APMC
Karnataka,Kolar,Kolar APMC
Maharashtra,Kolhapur,Kolhapur APMC
Kerala,Malappuram,Kondotty APMC
Odisha,Koraput,Koraput APMC
Odisha,Koraput,Koraput(Semilguda) APMC
Punjab,Moga,Kot ise Khan APMC
Assam,Goalpara,Krishnai APMC
Odisha,Sambalpur,Kuchinda APMC
Telangana,Ranga Reddy,Kukatpally(Rythu Bazar) APMC
Madhya Pradesh,Dhar,Kukshi(F&V) APMC
Tripura,Dhalai,Kulai APMC
Assam,Nalbari,Kumrikata APMC
Assam,Morigaon,Kushtoli APMC
Telangana,Hyderabad,L B Nagar APMC
Assam,Goalpara,Lakhipur APMC
West Bengal,Murshidabad,Lalbagh APMC
Uttar Pradesh,Raebarelli,Lalganj APMC
Punjab,Mohali,Lalru APMC
Punjab,Jalandhar,Lohian Khas APMC
Punjab,Ludhiana,Ludhiana APMC
Tripura,Unokoti,Machmara
Uttar Pradesh,Hardoi,Madhoganj APMC
Telangana,Mahbubnagar,Mahabubnagar(Rythu Bazar) APMC
Telangana,Hyderabad,Mahboob Manison APMC
Uttar Pradesh,Khiri (Lakhimpur),Maigalganj APMC
Madhya Pradesh,Dhar,Manawar(F&V) APMC
Maharashtra,Pune,Manchar APMC
Maharashtra,Sholapur,Mangal Wedha APMC
Assam,Karbi Anglong,Manja APMC
Kerala,Kasargod,Manjeswaram APMC
Uttar Pradesh,Kaushambi,Manjhanpur APMC
Kerala,Alappuzha,Mannar APMC
Gujarat,Gandhinagar,Mansa(Manas Veg Yard) APMC
Tripura,South Tripura,Manubazar
Tripura,Dhalai,Masli
West Bengal,Coochbehar,Mathabhanga APMC
Uttar Pradesh,Meerut,Mawana APMC
Tamil Nadu,Chengalpattu,Medavakkam(Uzhavar Sandhai ) APMC
West Bengal,Medinipur(W),Medinipur(West) APMC
Uttar Pradesh,Meerut,Meerut APMC
Punjab,Jalandhar,Mehatpur APMC
Telangana,Ranga Reddy,Mehndipatnam(Rythu Bazar) APMC
West Bengal,Coochbehar,Mekhliganj APMC
West Bengal,Purba Bardhaman,Memari APMC
Madhya Pradesh,Indore,Mhow(F&V) APMC
Telangana,Nalgonda,Miryalguda(Rythu Bazar) APMC
Uttar Pradesh,Mirzapur,Mirzapur APMC
Tripura,West District,Mohanpur APMC
Assam,Morigaon,Moirabari APMC
Gujarat,Morbi,Morbi APMC
West Bengal,Jalpaiguri,Moynaguri APMC
Uttar Pradesh,Jaunpur,Mugrabaadshahpur APMC
Assam,Nalbari,Mukalmua APMC
Odisha,Kalahandi,Mukhiguda APMC
Madhya Pradesh,Betul,Multai(F&V) APMC
Uttar Pradesh,Sambhal,Muradabad APMC
Uttar Pradesh,Ghaziabad,Muradnagar APMC
Haryana,Yamuna Nagar,Mustafabad APMC
Tamil Nadu,Thiruvarur,Muthupettai(Uzhavar Sandhai ) APMC
Uttar Pradesh,Muzaffarnagar,Muzzafarnagar APMC
Karnataka,Mysore,Mysore (Bandipalya) APMC
West Bengal,Nadia,Nadia APMC
Uttar Pradesh,Bijnor,Nagina APMC
Uttar Pradesh,Bijnor,Najibabad APMC
Punjab,Jalandhar,Nakodar APMC
Haryana,Ambala,Naraingarh APMC
Tamil Nadu,Thiruvellore,Naravarikuppam(Uzhavar Sandhai ) APMC
Uttar Pradesh,Siddharth Nagar,Naugarh APMC
Punjab,Tarntaran,Naushera Pannuan APMC
Uttar Pradesh,Maharajganj,Nautnava APMC
Maharashtra,Nandurbar,Navapur APMC
Tamil Nadu,Thiruvarur,Needamangalam(Uzhavar Sandhai ) APMC
Kerala,Thiruvananthapuram,Neyyatinkara APMC
Punjab,Moga,Nihal Singh Wala APMC
Odisha,Puri,Nimapara APMC
Uttar Pradesh,Ghaziabad,Noida APMC
Punjab,Jalandhar,Noor Mehal APMC
Kerala,Ernakulam,North Paravur APMC
Haryana,Mewat,Nuh APMC
Nagaland,Dimapur,Nuiland APMC
Tripura,Gomati,Nutanbazar APMC
Himachal Pradesh,Shimla,PMY Dhalli Shimla
Odisha,Bargarh,Padampur APMC
Gujarat,Vadodara(Baroda),Padra APMC
Andhra Pradesh,Chittor,Palamaner APMC
Kerala,Kozhikode(Calicut),Palayam APMC
Maharashtra,Sangli,Palus APMC
Assam,Kamrup,Pamohi(Garchuk) APMC
Uttar Pradesh,Balrampur,Panchpedwa APMC
Tripura,Unokoti,Panichowki
Odisha,Sundergarh,Panposh APMC
Uttar Pradesh,Meerut,Parikshitgarh APMC
Maharashtra,Nagpur,Parshiwani APMC
Uttar Pradesh,Maharajganj,Partaval APMC
Maharashtra,Durg,Patan APMC
Gujarat,Patan,"Patan(Veg,Yard Patan) APMC"
Uttar Pradesh,Shravasti,Payagpur APMC
Kerala,Kozhikode(Calicut),Perambra APMC
Madhya Pradesh,Jhabua,Petlawad(F&V) APMC
Punjab,Kapurthala,Phagwara APMC
Maharashtra,Satara,Phaltan APMC
Punjab,Jalandhar,Phillaur(Apra Mandi) APMC
Kerala,Ernakulam,Piravam APMC
Kerala,Thiruvananthapuram,Pothencode APMC
Uttar Pradesh,Pratapgarh,Pratapgarh APMC
West Bengal,Coochbehar,Pundibari APMC
Maharashtra,Pune,Pune(Khadiki) APMC
Maharashtra,Pune,Pune(Manjri) APMC
Maharashtra,Pune,Pune(Pimpri) APMC
Haryana,Mewat,Punhana APMC
Kerala,Kozhikode(Calicut),Quilandy APMC
Maharashtra,Ahmednagar,Rahata APMC
Maharashtra,Ahmednagar,Rahuri APMC
West Bengal,Uttar Dinajpur,Raiganj APMC
Haryana,Panchkula,Raipur Rai APMC
Madhya Pradesh,Dhar,Rajgarh(F&V) APMC
Gujarat,Rajkot,Rajkot(Veg.Sub Yard) APMC
Telangana,Ranga Reddy,"Ramakrisnapuram,RBZ APMC"
Karnataka,Bangalore,Ramanagara APMC
West Bengal,Howrah,Ramkrishanpur(Howrah) APMC
Uttar Pradesh,Saharanpur,Rampurmaniharan APMC
West Bengal,Nadia,Ranaghat APMC
Haryana,Sirsa,Rania(Jiwan nagar) APMC
Maharashtra,Ratnagiri,Ratnagiri (Nachane) APMC
Odisha,Rayagada,Rayagada APMC
Punjab,Amritsar,Rayya APMC
Uttar Pradesh,Sonbhadra,Robertsganj APMC
Uttar Pradesh,Ayodhya,Rudauli APMC
Himachal Pradesh,Shimla,SMY Rampur
Himachal Pradesh,Shimla,SMY Rohroo
Madhya Pradesh,Morena,Sabalgarh(F&V) APMC
Uttar Pradesh,Saharanpur,Saharanpur APMC
Uttar Pradesh,Siddharth Nagar,Sahiyapur APMC
Punjab,Ludhiana,Sahnewal APMC
West Bengal,Birbhum,Sainthia APMC
Uttar Pradesh,Raebarelli,Salon APMC
Haryana,Panipat,Samalkha APMC
Punjab,Patiala,Samana APMC
Punjab,Ludhiana,Samrala APMC
Uttar Pradesh,Agra,Samsabad APMC
Madhya Pradesh,Khandwa,Sanawad(F&V) APMC
Uttar Pradesh,Hardoi,Sandi APMC
Uttar Pradesh,Hardoi,Sandila APMC
Telangana,Medak,Sangareddy APMC
Punjab,Sangrur,Sangrur APMC
Tripura,South Tripura,Santir Bazar APMC
Madhya Pradesh,Indore,Sanwer(F&V) APMC
Assam,Kokrajhar,Saraibil APMC
Madhya Pradesh,Rajgarh,Sarangpur(F&V) APMC
Odisha,Mayurbhanja,Saraskana APMC
Uttar Pradesh,Meerut,Sardhana APMC
Odisha,Sundergarh,Sargipali APMC
Assam,Karbi Anglong,Sariahjan APMC
Maharashtra,Satara,Satara APMC
West Bengal,Kolkata,Sealdah Koley Market APMC
Madhya Pradesh,Sehore,Sehore(F&V) APMC
Madhya Pradesh,Badwani,Sendhwa(F&V) APMC
Assam,Kokrajhar,Serfanguri APMC
Telangana,Mahbubnagar,Shadnagar APMC
Maharashtra,Yadgiri,Shahapur APMC
NCT of Delhi,Delhi,Shahdara APMC
Punjab,Jalandhar,Shahkot APMC
Uttar Pradesh,Muzaffarnagar,Shahpur APMC
Haryana,Ambala,Shahzadpur APMC
Uttar Pradesh,Shamli,Shamli APMC
Telangana,Ranga Reddy,Shankarapally APMC
West Bengal,Hooghly,Sheoraphuly APMC
Madhya Pradesh,Shivpuri,Shivpuri(F&V) APMC
Maharashtra,Ahmednagar,Shrirampur APMC
Assam,Sibsagar,Sibsagar APMC
Uttar Pradesh,Bulandshahar,Sikarpur APMC
Tripura,Gomati,Silachhari APMC
Assam,Sibsagar,Simalguri APMC
Assam,Goalpara,Simlitola APMC
Madhya Pradesh,Harda,Sirali(F&V) APMC
Uttar Pradesh,Sirsa,Sirsa APMC
Uttar Pradesh,Firozabad,Sirsaganj APMC
Haryana,Siwan,Siwan APMC
Uttar Pradesh,Bulandshahar,Siyana APMC
Odisha,Bargarh,Sohela APMC
Haryana,Gurgaon,Sohna APMC
Assam,Cachar,Sonabarighat APMC
Tripura,Sepahijala,Sonamura APMC
Assam,Goalpara,Sonari APMC
Punjab,Gurdaspur,Sri Har Gobindpur APMC
Punjab,Gurdaspur,Sri Har Gobindpur(Harechowal) APMC
Uttar Pradesh,Amethi,Sultanpur APMC
Gujarat,Surat,Surat APMC
Gujarat,Gir Somnath,Talalagir APMC
Uttar Pradesh,Kushinagar,Tamkuhi road APMC
Punjab,Hoshiarpur,Tanda Urmur APMC
Uttar Pradesh,Rampur,Tanda(Rampur) APMC
Punjab,Tarntaran,Tarantaran APMC
Nagaland,Peren,Tenning APMC
Kerala,Kozhikode(Calicut),Thamarassery APMC
Uttar Pradesh,Shamli,Thanabhavan APMC
Tamil Nadu,Madurai,Thirumangalam(Uzhavar Sandhai ) APMC
Madhya Pradesh,Harda,Timarni(F&V) APMC
West Bengal,Coochbehar,Toofanganj APMC
Uttar Pradesh,Balrampur,Tulsipur APMC
Odisha,Mayurbhanja,Udala APMC
Uttar Pradesh,Badaun,Ujhani APMC
West Bengal,Howrah,Uluberia APMC
Tamil Nadu,Madurai,Usilampatty APMC
Uttar Pradesh,Kanpur,Uttaripura APMC
Maharashtra,Kolhapur,Vadgaonpeth APMC
Gujarat,Vadodara(Baroda),Vadodara(Sayajipura) APMC
Maharashtra,Satara,Vai APMC
Telangana,Medak,Vantamamidi APMC
Uttar Pradesh,Varanasi,Varanasi APMC
Uttar Pradesh,Varanasi,Varanasi(F&V) APMC
Maharashtra,Amarawati,Varud(Rajura Bazar) APMC
Telangana,Nalgonda,Venkateswarnagar APMC
Gujarat,Mehsana,Vijapur(veg) APMC
Maharashtra,Sangli,Vita APMC
Kerala,Thirssur,Wadakkanchery APMC
Uttar Pradesh,Ghazipur,Yusufpur APMC
Punjab,Ferozpur,Zira APMC
Kerala,Palakad,vadakarapathy APMC
Gujarat,Morbi,APMC HALVAD
Telangana,Mahbubnagar,Achampet APMC
Andhra Pradesh,Kurnool,Adoni APMC
Maharashtra,Latur,Ahmedpur APMC
Madhya Pradesh,Alirajpur,Alirajpur APMC
Maharashtra,Jalgaon,Amalner APMC
Maharashtra,Amarawati,Amarawati APMC
Gujarat,Banaskanth,Amirgadh APMC
Tamil Nadu,Ariyalur,Andimadom APMC
Gujarat,Kachchh,Anjar APMC
Tamil Nadu,Villupuram,Avalurpet APMC
Madhya Pradesh,Chhatarpur,Badamalhera APMC
Madhya Pradesh,Shivpuri,Badarwas APMC
Telangana,Mahbubnagar,Badepalli APMC
Madhya Pradesh,Badwani,Badwani APMC
Karnataka,Bagalkot,Bagalakot APMC
Gujarat,Amreli,Bagasara APMC
Rajasthan,Jaipur Rural,Bagru APMC
Karnataka,Bangalore,Bangalore APMC
Madhya Pradesh,Shivpuri,Barad APMC
Maharashtra,Pune,Baramati APMC
Rajasthan,Chittorgarh,Barisadri APMC
Rajasthan,Jaipur Rural,Bassi APMC
Karnataka,Bellary,Bellary APMC
Gujarat,Banaskanth,Bhabhar APMC
Rajasthan,Phalodi,Bhagat Kii Phalodi APMC
Madhya Pradesh,Datia,Bhander APMC
Gujarat,Devbhumi Dwarka,Bhanvad APMC
Chattisgarh,Bijapur,Bharamgarh APMC
Haryana,Fatehabad,Bhattu Kalan APMC
Chattisgarh,Mahasamund,Bhavarpur APMC
Gujarat,Bhavnagar,Bhavnagar APMC
Gujarat,Junagarh,Bhesan APMC
Gujarat,Sabarkantha,Bhiloda APMC
Rajasthan,Bhilwara,Bhilwara APMC
Maharashtra,Nanded,Bhokar APMC
Madhya Pradesh,Bhopal,Bhopal APMC
Chattisgarh,Bijapur,Bhopalpattnam APMC
Chattisgarh,Bijapur,Bijapur APMC
Madhya Pradesh,Chhatarpur,Bijawar APMC
Rajasthan,Bikaner,Bikaner (Grain) APMC
Gujarat,Chhota Udaipur,Bodeliu APMC
Gujarat,Botad,Botad APMC
Rajasthan,Jaipur Rural,Chaksu APMC
Karnataka,Chitradurga,Challakere APMC
Uttar Pradesh,Mahoba,Charkhari APMC
Tamil Nadu,Thiruvannamalai,Cheyyar APMC
Madhya Pradesh,Chhatarpur,Chhatarpur APMC
Uttar Pradesh,Jhansi,Chirgaon APMC
Karnataka,Chitradurga,Chitradurga APMC
Rajasthan,Jaipur Rural,Chomu (Grain) APMC
Maharashtra,Jalgaon,Chopada APMC
Tamil Nadu,Cuddalore,Cuddalore APMC
Andhra Pradesh,Cuddapah,Cuddapah APMC
Gujarat,Dahod,Dahod APMC
Madhya Pradesh,Datia,Datia APMC
Rajasthan,Dausa,Dausa APMC
Gujarat,Banaskanth,Deesa APMC
Gujarat,Banaskanth,Deesa(Bhildi) APMC
Gujarat,Banaskanth,Dhanera APMC
Gujarat,Amreli,Dhari APMC
Gujarat,Rajkot,Dhoraji APMC
Gujarat,Surendranagar,Dhragradhra APMC
Gujarat,Jamnagar,Dhrol APMC
Rajasthan,Udaipur,Fatehnagar APMC
Karnataka,Gadag,Gadag APMC
Telangana,Mahbubnagar,Gadwal APMC
West Bengal,Malda,Gajol APMC
Maharashtra,Parbhani,Gangakhed APMC
Madhya Pradesh,Mandsaur,Garoth APMC
Chattisgarh,Raigarh,Gharghoda APMC
Gujarat,Rajkot,Gondal APMC
Rajasthan,Jhunjhunu,Gudhagorji APMC
Andhra Pradesh,Nellore,Gudur APMC
Uttar Pradesh,Jhansi,Gurusarai APMC
Rajasthan,Hanumangarh,Hanumangarh Town APMC
Madhya Pradesh,Chhatarpur,Harpalpur APMC
Gujarat,Sabarkantha,Himatnagar APMC
Maharashtra,Hingoli,Hingoli APMC
Karnataka,Chitradurga,Hiriyur APMC
Karnataka,Dharwad,Hubli (Amaragol) APMC
Gujarat,Sabarkantha,Idar APMC
Gujarat,Jamnagar,Jam Jodhpur APMC
Gujarat,Devbhumi Dwarka,Jam Khambalia APMC
Maharashtra,Ahmednagar,Jamkhed APMC
Gujarat,Jamnagar,Jamnagar APMC
Madhya Pradesh,Ratlam,Jaora APMC
Gujarat,Rajkot,Jasdan APMC
Madhya Pradesh,Neemuch,Javad APMC
Tamil Nadu,Ariyalur,Jayamkondam APMC
Madhya Pradesh,Jhabua,Jhabua APMC
Uttar Pradesh,Jhansi,Jhansi (Grain) APMC
Maharashtra,Parbhani,Jintur APMC
Madhya Pradesh,Alirajpur,Jobat APMC
Gujarat,Junagarh,Junagadh APMC
Gujarat,Jamnagar,Kalawad APMC
Tamil Nadu,Villupuram,Kallakurichi APMC
Maharashtra,Vashim,Karanja APMC
Madhya Pradesh,Shivpuri,Karera APMC
Maharashtra,Ahmednagar,Karjat APMC
Maharashtra,Nagpur,Katol APMC
Rajasthan,Bikaner,Khajuwala APMC
Gujarat,Amreli,Khambha APMC
Maharashtra,Buldhana,Khamgaon APMC
Madhya Pradesh,Shivpuri,Khaniadhana APMC
Madhya Pradesh,Shivpuri,Khanyadhana APMC
Madhya Pradesh,Tikamgarh,Khargapur APMC
Madhya Pradesh,Khargone,Khargone APMC
Madhya Pradesh,Badwani,Khetia APMC
Maharashtra,Beed,Kille Dharur APMC
Maharashtra,Yavatmal,Kisan Market Yard APMC
Gujarat,Gir Somnath,Kodinar APMC
Madhya Pradesh,Shivpuri,Kolaras APMC
Tamil Nadu,Salem,Kolathur APMC
Karnataka,Koppal,Koppal APMC
Karnataka,Bellary,Kottur APMC
Andhra Pradesh,Kurnool,Kurnool APMC
Karnataka,Koppal,Kustagi APMC
Uttar Pradesh,Lalitpur,Lalitpur APMC
Rajasthan,Dausa,Lalsot APMC
Maharashtra,Nashik,Lasalgaon APMC
Madhya Pradesh,Chhatarpur,LavKush Nagar(Laundi) APMC
Karnataka,Gadag,Laxmeshwar APMC
Rajasthan,Bikaner,Lunkaransar APMC
Karnataka,Tumkur,Madhugiri APMC
Madhya Pradesh,Shivpuri,Magroni APMC
Telangana,Warangal,Mahabubabad APMC
Telangana,Mahbubnagar,Mahbubnagar APMC
Telangana,Mahbubnagar,Mahbubnagar(Nawabpet) APMC
Gujarat,Bhavnagar,Mahuva(Station Road) APMC
Maharashtra,Nashik,Malegaon APMC
Maharashtra,Buldhana,Malkapur APMC
Rajasthan,Tonk,Malpura APMC
Gujarat,Surat,Mandvi APMC
Gujarat,Junagarh,Mangrol APMC
Maharashtra,Vashim,Manora APMC
Uttar Pradesh,Lalitpur,Mehrauni APMC
Gujarat,Sabarkantha,Modasa APMC
Gujarat,Sabarkantha,Modasa(Tintoi) APMC
Madhya Pradesh,Morena,Morena APMC
Karnataka,Gadag,Mundaragi APMC
Telangana,Mahbubnagar,Nagarkurnool APMC
Tamil Nadu,Namakkal,Namakkal APMC
Maharashtra,Nashik,Nandgaon APMC
Telangana,Mahbubnagar,Narayanpet APMC
Madhya Pradesh,Chhatarpur,Naugaon APMC
Madhya Pradesh,Neemuch,Neemuch APMC
Rajasthan,Chittorgarh,Nimbahera APMC
Madhya Pradesh,Tikamgarh,Niwadi APMC
Rajasthan,Tonk,Niwai APMC
Rajasthan,Hanumangarh,Nohar APMC
Rajasthan,Rohtas,Nokha APMC
Maharashtra,Ahmednagar,Om Chaitanya Multistate Agro Purpose CoOp Society  APMC
Rajasthan,Jodhpur Rural,Ositan Mathania APMC
Gujarat,Banaskanth,Palanpur APMC
Madhya Pradesh,Tikamgarh,Palera APMC
Gujarat,Bhavnagar,Palitana APMC
Rajasthan,Sikar,Palsana APMC
Madhya Pradesh,Chhindwara,Pandhurna APMC
Gujarat,Banaskanth,Panthawada APMC
Maharashtra,Beed,Parali Vaijyanath APMC
Gujarat,Durg,Patan APMC
Madhya Pradesh,Shivpuri,Pichhour APMC
Madhya Pradesh,Mandsaur,Piplya APMC
Madhya Pradesh,Shivpuri,Pohari APMC
Madhya Pradesh,Tikamgarh,Prithvipur APMC
Rajasthan,Bikaner,Pugal Road (Grain) APMC
Tamil Nadu,Erode,Punchaipuliyampatti APMC
Maharashtra,Parbhani,Purna APMC
Karnataka,Raichur,Raichur APMC
Gujarat,Rajkot,Rajkot APMC
Madhya Pradesh,Chhatarpur,Rajnagar APMC
Gujarat,Amreli,Rajula APMC
Maharashtra,Yavatmal,Ramdev Krushi Bazaar APMC
Karnataka,Belgaum,Ramdurga APMC
Rajasthan,Sanchore,Raniwara APMC
Tamil Nadu,Namakkal,Rasipuram APMC
Rajasthan,Hanumangarh,Rawatsar APMC
Karnataka,Gadag,Rona APMC
Maharashtra,Bilaspur,Sakri APMC
Maharashtra,Ahmednagar,Sangamner APMC
Rajasthan,Churu,Sardar Shahar APMC
Madhya Pradesh,Chhindwara,Saunsar APMC
Karnataka,Haveri,Savanur APMC
Gujarat,Amreli,Savarkundla APMC
Madhya Pradesh,Badwani,Sendhwa APMC
Maharashtra,Hingoli,Sengoan APMC
Karnataka,Yadgiri,Shahapur APMC
Madhya Pradesh,Mandsaur,Shamgarh APMC
Madhya Pradesh,Shivpuri,Shivpuri APMC
Gujarat,Patan,Siddhpur APMC
Karnataka,Tumkur,Sira APMC
Madhya Pradesh,Mandsaur,Sitmau APMC
Gujarat,Surat,Songadh APMC
Rajasthan,Neem Ka Thana,Sri Madhopur APMC
Rajasthan,Bikaner,Sridungargarh APMC
Telangana,Nalgonda,Suryapeta APMC
Gujarat,Bhavnagar,Taleja APMC
Gujarat,Sabarkantha,Talod APMC
Maharashtra,Nandurbar,Taloda APMC
Telangana,Ranga Reddy,Tanduru APMC
Tamil Nadu,Salem,Thalaivasal APMC
Tamil Nadu,Salem,Thammampati APMC
Gujarat,Banaskanth,Thara APMC
Gujarat,Banaskanth,Thara(Shihori) APMC
Gujarat,Banaskanth,Tharad APMC
Tamil Nadu,Villupuram,Thirukovilur APMC
Madhya Pradesh,Tikamgarh,Tikamgarh APMC
Madhya Pradesh,Tikamgarh,Tikamgarh(F&V) APMC
Telangana,Nalgonda,Tirumalagiri APMC
Gujarat,Surat,Uchhal APMC
Gujarat,Rajkot,Upleta APMC
Gujarat,Sabarkantha,Vadali APMC
Gujarat,Banaskanth,Vadgam APMC
Tamil Nadu,Thiruvannamalai,Vandavasi APMC
Gujarat,Morbi,Vankaner APMC
Gujarat,Gir Somnath,Veraval APMC
Gujarat,Mehsana,Vijapur APMC
Gujarat,Sabarkantha,Vijaynagar(Kundlakap) APMC
Tamil Nadu,Villupuram,Vikkiravandi APMC
Gujarat,Junagarh,Visavadar APMC
Gujarat,Surat,Vyra APMC
Telangana,Mahbubnagar,Wanaparthy Road APMC
Telangana,Mahbubnagar,Wanaparthy town APMC
Karnataka,Yadgiri,Yadgir APMC
Andhra Pradesh,Kurnool,Yemmiganur APMC
Maharashtra,Yavatmal,Yeotmal APMC
Madhya Pradesh,Ratlam,A lot APMC
Madhya Pradesh,Sehore,Aashta(F&V) APMC
Rajasthan,Sirohi,Abu Road APMC
Madhya Pradesh,Shajapur,Agar APMC
Gujarat,Ahmedabad,Ahmedabad(Chimanbhai Patal Market Vasana) APMC
Odisha,Khurda,Aiginia Mandi APMC
Madhya Pradesh,Shajapur,Akodiya APMC
Maharashtra,Ahmednagar,Akole APMC
West Bengal,Paschim Bardhaman,Asansol APMC
Madhya Pradesh,Sehore,Ashta APMC
Haryana,Kurukshetra,Babain APMC
Madhya Pradesh,Ujjain,Badnagar APMC
Madhya Pradesh,Dhar,Badnawar APMC
Madhya Pradesh,Dhar,Badnawar(F&V) APMC
Bihar,Kishanganj,Bahadurganj APMC
Bihar,Darbhanga,Bahadurpur (Ekmi Ghat) APMC
Uttar Pradesh,Bareilly,Baheri APMC
West Bengal,Puruliya,Balarampur APMC
Rajasthan,Balotra,Balotra APMC
Odisha,Khurda,Balugaon APMC
West Bengal,Bankura,Bankura Sadar APMC
West Bengal,Kolkata,Bara Bazar (Posta Bazar) APMC
Bihar,Banka,Barahat APMC
Rajasthan,Baran,Baran APMC
Odisha,Bargarh,Bargarh APMC
Odisha,Bargarh,Bargarh(Barapalli) APMC
Haryana,Panchkula,Barwala APMC
Rajasthan,Bharatpur,Bayana APMC
Karnataka,Belgaum,Belgaum APMC
Madhya Pradesh,Betul,Betul(F&V) APMC
Rajasthan,Hanumangarh,Bhadara APMC
Bihar,Muzaffarpur,Bhagwanpur Mandi APMC
Odisha,Kalahandi,Bhawanipatna APMC
Gujarat,Kachchh,Bhuj APMC
Madhya Pradesh,Rajgarh,Biaora APMC
Karnataka,Bijapur,Bijapur APMC
West Bengal,Bankura,Bishnupur(Bankura) APMC
Odisha,Sundergarh,Bonai APMC
Odisha,Boudh,Boudh APMC
Bihar,Buxar,Brahmpur APMC
Uttar Pradesh,Bijnor,Chaandpur APMC
West Bengal,Hooghly,Champadanga APMC
Odisha,Bhadrak,Chandabali APMC
Maharashtra,Nashik,Chandvad APMC
Odisha,Mayurbhanja,Chuliaposi APMC
Rajasthan,Churu,Churu APMC
Rajasthan,Hanumangarh,Dablirathan APMC
Odisha,Khurda,Damana Hat APMC
Bihar,Patna,Danapur APMC
West Bengal,Darjeeling,Darjeeling APMC
Madhya Pradesh,Sagar,Deori APMC
Maharashtra,Nashik,Devala APMC
Haryana,Fatehabad,Dharsul APMC
Maharashtra,Nashik,Dindori APMC
Maharashtra,Nashik,Dindori(Vani) APMC
Rajasthan,Dungarpur,Dungarpur APMC
West Bengal,Paschim Bardhaman,Durgapur APMC
West Bengal,Malda,English Bazar APMC
Haryana,Gurgaon,Farukh Nagar APMC
Punjab,Ferozpur,Ferozepur Cantt. APMC
Maharashtra,Chattrapati Sambhajinagar,Gangapur APMC
Madhya Pradesh,Sagar,Garhakota APMC
Madhya Pradesh,Indore,Gautampura APMC
Bihar,Kaithar,"Gerabari, Korha Block APMC"
Punjab,Patiala,Ghanaur APMC
Haryana,Karnal,Gharaunda APMC
Rajasthan,Hanumangarh,Goluwala APMC
Haryana,Hissar,Hansi APMC
Rajasthan,Hanumangarh,Hanumangarh APMC
Rajasthan,Hanumangarh,Hanumangarh(Urlivas) APMC
Haryana,Palwal,Hassanpur APMC
Odisha,Dhenkanal,Hindol APMC
Odisha,Ganjam,Hinjilicut APMC
Telangana,Hyderabad,Hyderabad (F&V) APMC
Madhya Pradesh,Sehore,Ichhawar APMC
Madhya Pradesh,Sehore,Ichhawar(F&V) APMC
Maharashtra,Pune,Indapur APMC
West Bengal,Sangli,Islampur APMC
Bihar,Madhubani,Jahajharpur APMC
Bihar,Madhubani,Jainagar APMC
Rajasthan,Jaisalmer,Jaisalmer APMC
Punjab,Faridkot,Jaitu APMC
Bihar,Jamui,Jamui APMC
West Bengal,Murshidabad,Jangipur APMC
Odisha,Khurda,Jatni APMC
Bihar,Jehanabad,Jehanabad APMC
Odisha,Jharsuguda,Jharsuguda APMC
Rajasthan,Jhunjhunu,Jhunjhunu APMC
Haryana,Jind,Jind APMC
Maharashtra,Pune,Junnar APMC
Maharashtra,Pune,Junnar(Alephata) APMC
Karnataka,Mandya,K.R. Pet APMC
Karnataka,Mysore,K.R.Nagar APMC
Maharashtra,Beed,Kada APMC
Haryana,Kaithal,Kaithal APMC
Madhya Pradesh,Shajapur,Kalapipal APMC
Madhya Pradesh,Shajapur,Kalapipal(F&V) APMC
West Bengal,Hooghly,Kalipur APMC
Maharashtra,Nashik,Kalvan APMC
Kerala,Kannur,Kannur APMC
Gujarat,Kheda,Kapadvanj APMC
Maharashtra,Raigad,Karjat(Raigad) APMC
Uttar Pradesh,Gonda,Karnailganj APMC
West Bengal,Darjeeling,Karsiyang(Matigara) APMC
West Bengal,Puruliya,Kasipur APMC
West Bengal,Purba Bardhaman,Katwa APMC
Odisha,Keonjhar,Keonjhar APMC
Odisha,Keonjhar,Keonjhar(Dhekikote) APMC
NCT of Delhi,Delhi,Keshopur APMC
Madhya Pradesh,Khandwa,Khandwa APMC
Odisha,Boudh,Khunthabandha APMC
Bihar,Rohtas,Kochas (Balthari) APMC
Maharashtra,Ahmednagar,Kopargaon APMC
Punjab,Faridkot,Kotkapura APMC
Rajasthan,Kotputli- Behror,Kotputli APMC
Maharashtra,Sholapur,Kurdwadi(Modnimb) APMC
Maharashtra,Nashik,Lasalgaon(Niphad) APMC
Maharashtra,Nashik,Lasalgaon(Vinchur) APMC
Madhya Pradesh,Gwalior,Lashkar APMC
Maharashtra,Chattrapati Sambhajinagar,Lasur Station APMC
Maharashtra,Sholapur,Laxmi Sopan Agriculture Produce Marketing Co Ltd APMC
Maharashtra,Satara,Lonand APMC
Punjab,Ludhiana,Machhiwara APMC
Rajasthan,Ajmer,Madanganj Kishangarh APMC
Haryana,Panipat,Madlauda APMC
Maharashtra,Nashik,Malharshree Farmers Producer Co Ltd APMC
Karnataka,Kolar,Malur APMC
Madhya Pradesh,Neemuch,Manasa APMC
Nagaland,Mokokchung,Mangkolemba APMC
Maharashtra,Nashik,Mankamneshwar Farmar Producer CoLtd Sanchalit Mank APMC
Maharashtra,Nashik,Manmad APMC
Bihar,Khagaria,Mansi Mandi APMC
Nagaland,Mokokchung,Mokokchung Town APMC
Bihar,Madhepura,Murliganj APMC
Gujarat,Kheda,Nadiyad(Piplag) APMC
Maharashtra,Nashik,Nampur APMC
Madhya Pradesh,Rajgarh,Narsinghgarh APMC
Rajasthan,Jhunjhunu,Nawalgarh APMC
Haryana,Faridabad,"New Grain Market , Faridabad APMC"
Maharashtra,Ahmednagar,Newasa(Ghodegaon) APMC
Odisha,Balasore,Nilagiri APMC
Maharashtra,Chattrapati Sambhajinagar,Paithan APMC
Haryana,Palwal,Palwal APMC
Odisha,Sonepur,Pandkital APMC
West Bengal,Hooghly,Pandua APMC
Maharashtra,Dharashiv(Usmanabad),Paranda APMC
Maharashtra,Ahmednagar,Parner APMC
Maharashtra,Ahmednagar,Pathardi APMC
Andhra Pradesh,Kurnool,Pattikonda APMC
Maharashtra,Raigad,Pen APMC
Tamil Nadu,Thiruvellore,Perambakkam(Uzhavar Sandhai ) APMC
Maharashtra,Nashik,Pimpalgaon APMC
Maharashtra,Nashik,Pimpalgaon Baswant(Saykheda) APMC
Madhya Pradesh,Hoshangabad,Pipariya(F&V) APMC
Haryana,Kurukshetra,Pipli APMC
Bihar,Bhojpur,Piro APMC
Rajasthan,Pratapgarh,Pratapgarh APMC
Haryana,Kaithal,Pundri APMC
West Bengal,Puruliya,Purulia APMC
Maharashtra,Ahmednagar,Rahuri(Vambori) APMC
Madhya Pradesh,Dhar,Rajgarh APMC
Rajasthan,Rajsamand,Rajsamand APMC
West Bengal,Birbhum,Rampurhat APMC
Madhya Pradesh,Ratlam,Ratlam APMC
Himachal Pradesh,Kullu,SMY Chauri Bihal
Himachal Pradesh,Mandi,SMY Takoli
Telangana,Medak,Sadasivpet APMC
Madhya Pradesh,Shimoga,Sagar APMC
Odisha,Keonjhar,Saharpada APMC
Madhya Pradesh,Ratlam,Sailana APMC
Madhya Pradesh,Ratlam,Sailana(F&V) APMC
Uttar Pradesh,Sambhal,Sambhal APMC
West Bengal,Malda,Samsi APMC
Rajasthan,Sanchore,Sanchore APMC
Maharashtra,Sangli,"Sangli(Phale, Bhajipura Market) APMC"
Rajasthan,Hanumangarh,Sangriya APMC
Madhya Pradesh,Rajgarh,Sarangpur APMC
Bihar,Rohtas,Sasaram APMC
Maharashtra,Nashik,Satana APMC
Uttar Pradesh,Gorakhpur,Sehjanwa APMC
Madhya Pradesh,Sehore,Sehore APMC
Uttar Pradesh,Hathras,Shadabad APMC
Madhya Pradesh,Shajapur,Shajapur APMC
Bihar,Sheohar,Sheohar APMC
Maharashtra,Ahmednagar,Shevgaon APMC
Uttar Pradesh,Firozabad,Shikohabad APMC
Maharashtra,Pune,Shirur APMC
Maharashtra,Nashik,Shivsiddha Govind Producer Company Limited Sanchal APMC
Maharashtra,Nashik,Shree Rameshwar Krushi Market  APMC
Maharashtra,Ahmednagar,Shree Sairaj Krushi Market APMC
Maharashtra,Ahmednagar,Shrigonda APMC
Madhya Pradesh,Shajapur,Shujalpur APMC
Madhya Pradesh,Shajapur,Shujalpur(F&V) APMC
Telangana,Medak,Siddipet(Rythu Bazar) APMC
Rajasthan,Sikar,Sikar APMC
Maharashtra,Nashik,Sinner APMC
Madhya Pradesh,Mandsaur,Sitamau(F&V) APMC
Haryana,Sonipat,Sonepat(Kharkhoda) APMC
Madhya Pradesh,Dewas,Sonkachh(F&V) APMC
Madhya Pradesh,Dewas,Sonkatch APMC
Madhya Pradesh,Shajapur,Soyatkalan APMC
Rajasthan,Churu,Sujangarh APMC
Rajasthan,Ganganagar,Suratgarh APMC
Bihar,Samastipur,Tajpur APMC
West Bengal,Medinipur(E),Tamluk (Medinipur E) APMC
Haryana,Fatehabad,Tohana APMC
Haryana,Fatehabad,Tohana(New Veg Market) APMC
Karnataka,Tumkur,Tumkur APMC
Odisha,Bolangir,Tusura APMC
Madhya Pradesh,Ujjain,Ujjain APMC
Haryana,Hissar,Uklana APMC
Maharashtra,Nashik,Umrane APMC
Maharashtra,Chattrapati Sambhajinagar,Vaijpur APMC
Maharashtra,Mumbai,Vashi New Mumbai APMC
Kerala,Kozhikode(Calicut),Vengeri(Kozhikode) APMC
Rajasthan,Beawar,Vijaynagar APMC
Maharashtra,Nashik,Yeola APMC
Bihar,Bhojpur,Aarah APMC
Uttar Pradesh,Aligarh,Atrauli APMC
Uttar Pradesh,Badaun,Babrala APMC
Meghalaya,South Garo Hills,Baghmara APMC
West Bengal,Murshidabad,Beldanga APMC
Odisha,Bhadrak,Bhadrak APMC
Uttar Pradesh,Sambhal,Bhehjoi APMC
Madhya Pradesh,Bhind,Bhind APMC
Bihar,Buxar,Buxur APMC
Bihar,East Champaran/ Motihari,Chakia APMC
Karnataka,Hassan,Channarayapatna APMC
Odisha,Kendrapara,Chatta Krushak Bazar APMC
Haryana,Kaithal,Cheeka APMC
Haryana,Sirsa,Dabwali APMC
Bihar,Araria,Forbesganj APMC
Chattisgarh,Rajnandgaon,Gandai APMC
Odisha,Kendrapara,Gopa APMC
West Bengal,Burdwan,Guskara APMC
Punjab,Hoshiarpur,Hoshiarpur(Sham Churasi) APMC
Odisha,Jagatsinghpur,Jagatsinghpur APMC
Bihar,Vaishali,"Jaitipir Mandi, Lalganj block APMC"
West Bengal,Jhargram,Jhargram APMC
West Bengal,Murshidabad,Jiaganj APMC
Meghalaya,West Jaintia Hills,Jowai APMC
West Bengal,Kalimpong,Kalimpong APMC
West Bengal,Murshidabad,Kandi APMC
Madhya Pradesh,Katni,Katni APMC
Odisha,Kendrapara,Kendrapara APMC
Odisha,Kendrapara,Kendrapara(Marshaghai) APMC
West Bengal,Bankura,Khatra APMC
West Bengal,Medinipur(E),Kolaghat APMC
Madhya Pradesh,Satna,Maihar(F&V) APMC
Gujarat,Kheda,Nadiad APMC
Gujarat,Kheda,Nadiyad(Chaklasi) APMC
Bihar,Rohtas,Natwar APMC
Bihar,Rohtas,Nokha APMC
Meghalaya,West Khasi Hills,Nongstoin APMC
Odisha,Kendrapara,Pattamundai APMC
Punjab,Ludhiana,Raikot APMC
Madhya Pradesh,Sagar,Rehli(F&V) APMC
Himachal Pradesh,Mandi,SMY Chail Chowk
Odisha,Bhadrak,Sahidngar APMC
Madhya Pradesh,Satna,Satna(F&V) APMC
Uttar Pradesh,Hathras,Sikandraraau APMC
Bihar,Kishanganj,Thakurganj APMC
Maharashtra,Raigad,Alibagh APMC
Uttar Pradesh,Banda,Baberu APMC
Uttar Pradesh,Lucknow,Banthara APMC
Karnataka,Shimoga,Bhadravathi APMC
Maharashtra,Bhandara,Bhandara APMC
Karnataka,Bidar,Bidar APMC
West Bengal,Birbhum,Bishnupur APMC
Uttarakhand,Udhamsinghnagar,Gadarpur APMC
Karnataka,Koppal,Gangavathi APMC
Karnataka,Koppal,Gangavathi(Karatagi) APMC
Gujarat,Bharuch,Jambusar APMC
Gujarat,Bharuch,Jambusar(Kaavi) APMC
Uttar Pradesh,Ghazipur,Jangipura APMC
West Bengal,Uttar Dinajpur,Kaliaganj APMC
Odisha,Mayurbhanja,Karanjia APMC
West Bengal,Murshidabad,Kasimbazar APMC
Uttar Pradesh,Fatehpur,Kishunpur APMC
Karnataka,Chikmagalur,Koppa APMC
Uttar Pradesh,Prayagraj,Lediyari APMC
Karnataka,Mandya,Maddur APMC
Maharashtra,Raigad,Mangaon APMC
Karnataka,Karwar(Uttar Kannad),Mundgod APMC
Maharashtra,Raigad,Murud APMC
NCT of Delhi,Delhi,Najafgarh APMC
Maharashtra,Thane,Palghar APMC
Odisha,Jagatsinghpur,Rahama APMC
Karnataka,Belgaum,Sankeshwar APMC
Karnataka,Raichur,Sindhanur APMC
Karnataka,Madikeri(Kodagu),Somvarpet APMC
Andhra Pradesh,Krishna,Tiruvuru APMC
Maharashtra,Bhandara,Tumsar APMC
Maharashtra,Thane,Ulhasnagar APMC
Maharashtra,Nagpur,Umared APMC
Gujarat,Vadodara(Baroda),Vadodara APMC
Maharashtra,Thane,Vasai APMC
Odisha,Keonjhar,Anandapur APMC
Odisha,Nayagarh,Bahadajholla APMC
Odisha,Mayurbhanja,Betnoti APMC
Rajasthan,Jalore,Bhinmal APMC
Uttarakhand,Dehradoon,Chakrata APMC
Odisha,Ganjam,Digapahandi APMC
Maharashtra,Nashik,Ghoti APMC
Odisha,Rayagada,Gunpur APMC
Telangana,Adilabad,Jainath APMC
Odisha,Kalahandi,Junagarh APMC
Odisha,Kalahandi,Kalahandi(Dharamagarh) APMC
Andhra Pradesh,Chittor,Kalikiri APMC
Karnataka,Bangalore,Kanakapura APMC
Odisha,Bolangir,Kantabaji APMC
Odisha,Gajapati,Kasinagar APMC
Telangana,Khammam,Khammam APMC
Tamil Nadu,Dindigul,Kodaikkanal(Uzhavar Sandhai ) APMC
Andhra Pradesh,Chittor,Madanapalli APMC
Odisha,Malkangiri,Malkanagiri APMC
Odisha,Malkangiri,Malkangiri(Korakunda) APMC
Telangana,Adilabad,Mancharial APMC
Kerala,Palakad,Moochamkundu VFPCK APMC
Karnataka,Kolar,Mulabagilu APMC
Andhra Pradesh,Chittor,Mulakalacheruvu APMC
Karnataka,Mysore,Nanjangud APMC
Rajasthan,Pali,Pali APMC
Maharashtra,Sholapur,Pandharpur APMC
Maharashtra,Raigad,Panvel APMC
Madhya Pradesh,Jabalpur,Patan(F&V) APMC
Telangana,Khammam,"Pavilion Ground,Khammam,RBZ APMC"
Andhra Pradesh,Chittor,Punganur APMC
Odisha,Rayagada,Rayagada(Muniguda) APMC
Himachal Pradesh,Kullu,SMY Bandrol
Himachal Pradesh,Solan,SMY Dharampur
Himachal Pradesh,Shimla,SMY Nerwa
Himachal Pradesh,Solan,SMY Wakhnaghat
Karnataka,Mysore,Santhesargur APMC
Odisha,Nayagarh,Sarankul APMC
Telangana,Khammam,"Sattupalli (ramalayam),RBZ APMC"
Madhya Pradesh,Singroli,Singroli(F&V) APMC
Karnataka,Kolar,Srinivasapur APMC
Punjab,Amethi,Sultanpur APMC
Assam,Darrang,Tangni APMC
Madhya Pradesh,Ujjain,Ujjain(F&V) APMC
Kerala,Palakad,Vadakarapathy VFPCK APMC
Gujarat,Morbi,Vankaner(Sub yard) APMC
Andhra Pradesh,Chittor,Vayalapadu APMC
Telangana,Khammam,Charla APMC
Telangana,Hyderabad,Gaddiannaram APMC
Andhra Pradesh,East Godavari,Rajahmundry APMC
Gujarat,Sabarkantha,APMCKHEDBRAHMA
Maharashtra,Amarawati,Achalpur APMC
Haryana,Hissar,Adampur APMC
Uttar Pradesh,Jalaun (Orai),Ait APMC
Madhya Pradesh,Panna,Ajaygarh APMC
Maharashtra,Akola,Akot APMC
Madhya Pradesh,Bhind,Alampur APMC
Uttar Pradesh,Etah,Aliganj APMC
Rajasthan,Alwar,Alwar APMC
Punjab,Sangrur,Amargarh APMC
Madhya Pradesh,Satna,Amarpatan APMC
Madhya Pradesh,Chhindwara,Amarwda APMC
Maharashtra,Jalana,Ambad (Vadigodri) APMC
Madhya Pradesh,Morena,Ambaha APMC
Chattisgarh,Surguja,Ambikapur APMC
Punjab,Fatehgarh,Amloh APMC
Maharashtra,Amarawati,Anajngaon APMC
Rajasthan,Baran,Anta APMC
Rajasthan,Anupgarh,Anupgarh APMC
Madhya Pradesh,Anupur,Anuppur APMC
Madhya Pradesh,Guna,Aron APMC
Madhya Pradesh,Ashoknagar,Ashoknagar APMC
Maharashtra,Wardha,Ashti(Karanja) APMC
Rajasthan,Baran,Atru APMC
Punjab,Amritsar,Attari APMC
Maharashtra,Latur,Aurad Shahajani APMC
Maharashtra,Latur,Ausa APMC
Maharashtra,Buldhana,BSK Krishi Bazar Private Ltd APMC
Madhya Pradesh,Hoshangabad,Babai APMC
Maharashtra,Yavatmal,Babhulgaon APMC
Gujarat,Amreli,Babra APMC
Madhya Pradesh,Shajapur,Badod APMC
Madhya Pradesh,Khargone,Badwaha APMC
Madhya Pradesh,Dewas,Bagli APMC
Madhya Pradesh,Koria,Baikunthpur APMC
Chattisgarh,Koria,Baikunthpur APMC
Madhya Pradesh,Chhatarpur,Bakswaha APMC
Madhya Pradesh,Sehore,Baktara APMC
Madhya Pradesh,Balaghat,Balaghat APMC
Madhya Pradesh,Sagar,Bamora APMC
Madhya Pradesh,Hoshangabad,Banapura APMC
Madhya Pradesh,Hoshangabad,Banapura(F&V) APMC
Madhya Pradesh,Sagar,Banda APMC
Rajasthan,Dausa,Bandikui APMC
Rajasthan,Dausa,Bandikui(Geejgarh) APMC
Madhya Pradesh,Hoshangabad,Bankhedi APMC
Madhya Pradesh,Morena,Banmorkalan APMC
Rajasthan,Kotputli- Behror,Bansoor APMC
Haryana,Panipat,Bapauli APMC
Chattisgarh,Raigarh,Baramkela APMC
Bihar,Sheikhpura,Barbigha APMC
Madhya Pradesh,Raisen,Bareli APMC
Punjab,Mansa,Bareta APMC
Rajasthan,Alwar,Barodamev APMC
Maharashtra,Sholapur,Barshi APMC
Maharashtra,Sholapur,Barshi(Vairag) APMC
Karnataka,Bidar,Basava Kalayana APMC
Gujarat,Ahmedabad,Bavla APMC
Gujarat,Sabarkantha,Bayad APMC
Gujarat,Sabarkantha,Bayad(Demai) APMC
Gujarat,Sabarkantha,Bayad(Sadamba) APMC
Rajasthan,Beawar,Beawar APMC
Maharashtra,Beed,Beed APMC
Madhya Pradesh,Raisen,Begamganj APMC
Rajasthan,Chittorgarh,Begu APMC
Chattisgarh,Bemetara,Bemetara APMC
Madhya Pradesh,Shehdol,Beohari APMC
Madhya Pradesh,Shajapur,Berachha APMC
Madhya Pradesh,Bhopal,Berasia APMC
Madhya Pradesh,Betul,Betul APMC
Punjab,Barnala,Bhadaur(Sehna) APMC
Punjab,Patiala,Bhadson APMC
Telangana,Adilabad,Bhainsa APMC
Madhya Pradesh,Mandsaur,Bhanpura APMC
Rajasthan,Bharatpur,Bharatpur APMC
Chattisgarh,Balodabazar,Bhatapara APMC
Rajasthan,Jhalawar,Bhawani Mandi APMC
Bihar,Purnea,Bhawanipur APMC
Madhya Pradesh,Betul,Bhensdehi APMC
Madhya Pradesh,Khargone,Bhikangaon APMC
Punjab,Mansa,Bhikhi APMC
Madhya Pradesh,Gwalior,Bhitarwar APMC
Maharashtra,Jalana,Bhokardan APMC
Rajasthan,Bharatpur,Bhusawar Bair APMC
Madhya Pradesh,Mandla,Bichhiya APMC
Madhya Pradesh,Mandla,Bichiya(F&V) APMC
Rajasthan,Jodhpur Rural,Bilara APMC
Haryana,Bilaspur,Bilaspur APMC
Punjab,Jalandhar,Bilga (Talwan ) APMC
Madhya Pradesh,Sagar,Bina APMC
Madhya Pradesh,Guna,Binaganj APMC
Punjab,Mansa,Boha APMC
Gujarat,Anand,Borsad APMC
Madhya Pradesh,Shehdol,Budhar APMC
Punjab,Mansa,Budhlada (Phaphre Bhaike) APMC
Maharashtra,Buldhana,Buldhana(Dhad) APMC
Rajasthan,Bundi,Bundi APMC
Madhya Pradesh,Burhanpur,Burhanpur APMC
Madhya Pradesh,Rewa,Chaakghat APMC
Maharashtra,Latur,Chakur APMC
Maharashtra,Jalgaon,Chalisgaon APMC
Chattisgarh,Janjgir,Champa APMC
Punjab,Fatehgarh,Chanarthal APMC
Madhya Pradesh,Ashoknagar,Chanderi APMC
Maharashtra,Amarawati,Chandur Bazar APMC
Maharashtra,Amarawati,Chandur Railway APMC
Madhya Pradesh,Chhindwara,Chaurai APMC
Rajasthan,Baran,Chhabra APMC
Haryana,Yamuna Nagar,Chhachhrauli(Khizrabad) APMC
Madhya Pradesh,Seoni,Chhapara(F&V) APMC
Madhya Pradesh,Rajgarh,Chhapiheda APMC
Madhya Pradesh,Chhindwara,Chhindwara APMC
Rajasthan,Baran,Chhipabarod (Chhabra) APMC
Rajasthan,Pratapgarh,Chhotisadri APMC
Madhya Pradesh,Seoni,Chhpara APMC
Maharashtra,Buldhana,Chikali APMC
Gujarat,Surendranagar,Chotila APMC
Rajasthan,Jhalawar,Choumahla APMC
Madhya Pradesh,Gwalior,Dabra APMC
Chattisgarh,Bemetara,Dadhi APMC
Rajasthan,Jhalawar,Dag APMC
Madhya Pradesh,Mandsaur,Daloda APMC
Madhya Pradesh,Damoh,Damoh APMC
Uttar Pradesh,Badaun,Dataganj APMC
Rajasthan,Deeg,Deeg APMC
Gujarat,Gandhinagar,Dehgam APMC
Gujarat,Gandhinagar,Dehgam(Rekhiyal) APMC
Rajasthan,Bundi,Dei APMC
Rajasthan,Tonk,Deoli APMC
Maharashtra,Buldhana,Deoulgaon Raja APMC
Madhya Pradesh,Panna,Devandranagar APMC
Madhya Pradesh,Dewas,Dewas APMC
Maharashtra,Amarawati,Dhamngaon-Railway APMC
Madhya Pradesh,Dhar,Dhamnod APMC
Punjab,Barnala,Dhanaula APMC
Gujarat,Sabarkantha,Dhansura APMC
Madhya Pradesh,Dhar,Dhar APMC
Maharashtra,Jalgaon,Dharangaon APMC
Maharashtra,Amarawati,Dharni APMC
Punjab,Kapurthala,Dhilwan APMC
Gujarat,Ahmedabad,Dholka APMC
Rajasthan,Dholpur,Dholpur APMC
Maharashtra,Yavatmal,Digras APMC
Madhya Pradesh,Nashik,Dindori APMC
Haryana,Sirsa,Ding APMC
Gujarat,Banaskanth,Diyodar APMC
Maharashtra,Dhule,Dondaicha(Sindhkheda) APMC
Rajasthan,Tonk,Dooni APMC
Maharashtra,Pune,Dound APMC
Maharashtra,Sholapur,Dudhani APMC
Rajasthan,Dudu,Dudu APMC
Rajasthan,Sikar,Fatehpur APMC
Madhya Pradesh,Narsinghpur,Gadarwada APMC
Madhya Pradesh,Raisen,Gairatganj APMC
Rajasthan,Ganganagar,Gajsinghpur APMC
Madhya Pradesh,Dhar,Gandhwani APMC
Rajasthan,Chattrapati Sambhajinagar,Gangapur APMC
Rajasthan,Gangapur City,Gangapur City APMC
Rajasthan,Swai Madhopur,Gangapurcity(Old Lal mandi) APMC
Madhya Pradesh,Vidisha,Ganjbasoda APMC
Maharashtra,Beed,Gevrai APMC
Madhya Pradesh,Seoni,Ghansour APMC
Rajasthan,Anupgarh,Gharsana APMC
Gujarat,Panchmahals,Godhra APMC
Gujarat,Panchmahals,Godhra(Timbaroad) APMC
Madhya Pradesh,Bhind,Gohad APMC
Madhya Pradesh,Dindori,Gorakhpur APMC
Madhya Pradesh,Narsinghpur,Gotegaon APMC
Madhya Pradesh,Narsinghpur,Gotegaon(F&V) APMC
Madhya Pradesh,Vidisha,Gulabganj APMC
Rajasthan,Bhilwara,Gulabpura APMC
Madhya Pradesh,Guna,Guna APMC
Madhya Pradesh,Dewas,Haatpipliya APMC
Madhya Pradesh,Rewa,Hanumana APMC
Madhya Pradesh,Harda,Harda APMC
Gujarat,Patan,Harij APMC
Madhya Pradesh,Khandwa,Harsood APMC
Madhya Pradesh,Damoh,Hata APMC
Rajasthan,Karauli,Hindoun APMC
Maharashtra,Wardha,Hinganghat APMC
Maharashtra,Hingoli,Hingoli(Kanegoan Naka) APMC
Madhya Pradesh,Hoshangabad,Hoshangabad APMC
Gujarat,Sabarkantha,Idar(Jadar) APMC
Rajasthan,Jhalawar,Iklera APMC
Madhya Pradesh,Ashoknagar,Isagarh APMC
Madhya Pradesh,Hoshangabad,Itarsi APMC
Rajasthan,Kota,Itawa APMC
Madhya Pradesh,Jabalpur,Jabalpur APMC
Madhya Pradesh,Sagar,Jaisinagar APMC
Madhya Pradesh,Anupur,Jaithari APMC
Rajasthan,Anupgarh,Jaitsar APMC
Punjab,Faridkot,Jaitu(Bajakhana) APMC
Punjab,Jalandhar,Jalandhar City APMC
Punjab,Jalandhar,Jalandhar City(Kartar Pur Dana mandi) APMC
Maharashtra,Buldhana,Jalgaon Jamod(Aasalgaon) APMC
Maharashtra,Jalgaon,Jalgaon(Masawat) APMC
Madhya Pradesh,Tikamgarh,Jatara APMC
Madhya Pradesh,Damoh,Javera APMC
Madhya Pradesh,Sehore,Jawar APMC
Madhya Pradesh,Rajgarh,Jeerapur APMC
Madhya Pradesh,Jhabua,Jhabua(F&V) APMC
Rajasthan,Jhalawar,Jhalarapatan APMC
Madhya Pradesh,Alirajpur,Jobat(F&V) APMC
Madhya Pradesh,Morena,Jora APMC
Haryana,Jind,Jullana APMC
Uttar Pradesh,Jalaun (Orai),Kadaura APMC
Gujarat,Mehsana,Kadi APMC
Punjab,Gurdaspur,Kahnuwan APMC
Madhya Pradesh,Morena,Kailaras APMC
Maharashtra,Dharashiv(Usmanabad),Kalamb (Dharashiv) APMC
Gujarat,Gandhinagar,Kalol APMC
Uttar Pradesh,Jalaun (Orai),Kalpi APMC
Rajasthan,Deeg,Kama APMC
Maharashtra,Nanded,Kandhar APMC
Maharashtra,Chattrapati Sambhajinagar,Kannad APMC
Madhya Pradesh,Dewas,Kannod APMC
Rajasthan,Chittorgarh,Kapasan APMC
Madhya Pradesh,Narsinghpur,Kareli APMC
Madhya Pradesh,Narsinghpur,Kareli(F&V) APMC
Madhya Pradesh,Khargone,Karhi APMC
Maharashtra,Ahmednagar,Karjat(Rashin) APMC
Maharashtra,Sholapur,Karmala APMC
Madhya Pradesh,Khargone,Kasrawad APMC
Rajasthan,Baran,Kawai Salpura (Atru) APMC
Chattisgarh,Kabirdham,Kawardha APMC
Rajasthan,Kekri,Kekri APMC
Madhya Pradesh,Seoni,Keolari APMC
Rajasthan,Ganganagar,Kesarisinghpur APMC
Rajasthan,Bundi,Keshoraipatan APMC
Madhya Pradesh,Sagar,Kesli APMC
Madhya Pradesh,Ujjain,Khachrod APMC
Rajasthan,Khairthal Tijara,Khairthal APMC
Gujarat,Anand,Khambhat(Grain Market) APMC
Chattisgarh,Durg,Khamhariya APMC
Rajasthan,Swai Madhopur,Khandar APMC
Haryana,Mahendragarh-Narnaul,Khanina APMC
Rajasthan,Panchmahals,Khanpur APMC
Rajasthan,Kota,Khatauli APMC
Madhya Pradesh,Dewas,Khategaon APMC
Madhya Pradesh,Shivpuri,Khatora APMC
Chattisgarh,Rajnandgaon,Kheragarh APMC
Rajasthan,Alwar,Kherli APMC
Madhya Pradesh,Rajgarh,Khilchipur APMC
Madhya Pradesh,Harda,Khirakiya APMC
Madhya Pradesh,Rajgarh,Khujner APMC
Madhya Pradesh,Sagar,Khurai APMC
Rajasthan,Jaipur,Kishan Renwal(Fulera) APMC
Rajasthan,Jaipur Rural,Kishangarh Renwal APMC
Rajasthan,Khairthal Tijara,Kishangarhbas APMC
Rajasthan,Bilaspur,Kota APMC
Chattisgarh,Bilaspur,Kota APMC
Rajasthan,Deedwana Kuchaman,Kuchaman City APMC
Madhya Pradesh,Guna,Kumbhraj APMC
Rajasthan,Deeg,Kumher APMC
Uttar Pradesh,Hamirpur,Kurara APMC
Madhya Pradesh,Rajgarh,Kurawar APMC
Maharashtra,Sholapur,Kurdwadi APMC
Madhya Pradesh,Vidisha,Kurwai APMC
Chattisgarh,Balrampur,Kusmee APMC
Madhya Pradesh,Bhind,Lahar APMC
Madhya Pradesh,Seoni,Lakhnadon APMC
Uttarakhand,Haridwar,Lakshar APMC
Rajasthan,Ganganagar,Lalgarh Jatan APMC
Madhya Pradesh,Vidisha,Lateri APMC
Rajasthan,Alwar,Laxmangarh (Barodamev) APMC
Gujarat,Dahod,Limkheda APMC
Maharashtra,Nanded,Loha APMC
Madhya Pradesh,Dewas,Loharda APMC
Maharashtra,Buldhana,Lonar APMC
Madhya Pradesh,Rajgarh,Machalpur APMC
Rajasthan,Dausa,Madanganj Mahuwa APMC
Rajasthan,Dausa,Madanganj Mandawar APMC
Uttar Pradesh,Jalaun (Orai),Madhogarh APMC
Maharashtra,Yavatmal,"Mahesh Krushi Utpanna Bazar, Digras APMC"
Madhya Pradesh,Ujjain,Mahidpur APMC
Madhya Pradesh,Ujjain,Mahidpur(F&V) APMC
Maharashtra,Beed,Majalgaon APMC
Punjab,Amritsar,Majitha APMC
Madhya Pradesh,Guna,Maksudangarh APMC
Punjab,Muktsar,Malout (Kilianwali) APMC
Punjab,Muktsar,Malout (Panniwala) APMC
Gujarat,Sabarkantha,Malpur APMC
Rajasthan,Tonk,Malpura(Todaraisingh) APMC
Madhya Pradesh,Sagar,Malthone APMC
Madhya Pradesh,Dhar,Manawar APMC
Rajasthan,Dausa,Mandawari APMC
Madhya Pradesh,Mandla,Mandla APMC
Chattisgarh,Koria,Manendragarh APMC
Maharashtra,Vashim,Mangrulpeer APMC
Rajasthan,Jhalawar,Manohar Thana APMC
Gujarat,Gandhinagar,Mansa APMC
Maharashtra,Jalana,Mantha APMC
Gujarat,Kheda,Matar(Limbasi) APMC
Gujarat,Sabarkantha,Meghraj APMC
Gujarat,Sabarkantha,Meghraj(Radlavada) APMC
Punjab,Barnala,Mehal Kalan APMC
Punjab,Barnala,Mehal Kallan (ChananWal) APMC
Madhya Pradesh,Satna,Mehar APMC
Maharashtra,Buldhana,Mehekar APMC
Madhya Pradesh,Bhind,Mehgaon APMC
Gujarat,Mehsana,Mehsana APMC
Gujarat,Mehsana,Mehsana(Jornang) APMC
Punjab,Amritsar,Mehta APMC
Madhya Pradesh,Indore,Mhow APMC
Madhya Pradesh,Balaghat,Mohgaon APMC
Madhya Pradesh,Shajapur,Momanbadodiya APMC
Maharashtra,Amarawati,Morshi APMC
Gujarat,Panchmahals,Morva Hafad APMC
Madhya Pradesh,Bhind,Mow APMC
Haryana,Ambala,Mullana APMC
Haryana,Ambala,Mullana(saha) APMC
Madhya Pradesh,Betul,Multai APMC
Madhya Pradesh,Khandwa,Mundi APMC
Madhya Pradesh,Ashoknagar,Mungawali APMC
Chattisgarh,Mungeli,Munguli APMC
Maharashtra,Akola,Murtizapur APMC
Maharashtra,Dharashiv(Usmanabad),Murum APMC
Bihar,Muzaffarpur,Muzaffarpur APMC
Rajasthan,Bharatpur,Nadwai APMC
Rajasthan,Deeg,Nagar APMC
Madhya Pradesh,Ujjain,Nagda APMC
Madhya Pradesh,Satna,Nagod APMC
Rajasthan,Baran,Nahargarh APMC
Madhya Pradesh,Mandla,Nainpur APMC
Punjab,Jalandhar,Nakodar(Sarih) APMC
Madhya Pradesh,Shajapur,Nalkehda APMC
Madhya Pradesh,Agar Malwa,Nalkheda(F&V) APMC
Uttarakhand,Udhamsinghnagar,Nanakmatta APMC
Maharashtra,Nanded,Nanded APMC
Maharashtra,Amarawati,Nandgaon Khandeshwar APMC
Maharashtra,Buldhana,Nandura APMC
NCT of Delhi,Delhi,Narela APMC
Madhya Pradesh,Narsinghpur,Narsinghpur APMC
Madhya Pradesh,Sehore,Nasrullaganj APMC
Punjab,Nawanshahr,Nawan Shahar(Mandi Jadla) APMC
Punjab,Nawanshahr,Nawan Shahar(MandiRaho) APMC
Punjab,Nawanshahr,Nawanshahar APMC
Chattisgarh,Raipur,Neora APMC
Haryana,Jind,"New Grain Market , Jind APMC"
Haryana,Sirsa,"New Grain Market , Sirsa APMC"
Haryana,Sonipat,"New Grain Market , Sonipat APMC"
Maharashtra,Ahmednagar,Newasa APMC
Haryana,Karnal,Nilokheri APMC
Gujarat,Surat,Nizar APMC
Gujarat,Surat,Nizar(Pumkitalov) APMC
Madhya Pradesh,Raisen,Obedullaganj APMC
Madhya Pradesh,Raisen,Obedullaganj(F&V) APMC
Madhya Pradesh,Jabalpur,Paatan APMC
Madhya Pradesh,Rajgarh,Pachaur APMC
Maharashtra,Jalgaon,Pachora APMC
Rajasthan,Bargarh,Padampur APMC
Madhya Pradesh,Balodabazar,Palari APMC
Chattisgarh,Kabirdham,Pandariya APMC
Madhya Pradesh,Khandwa,Pandhana APMC
Madhya Pradesh,Panna,Panna APMC
Maharashtra,Parbhani,Parbhani APMC
Maharashtra,Jalgaon,Parola APMC
Maharashtra,Jalana,Partur APMC
Chattisgarh,Jashpur,Pathalgaon APMC
Maharashtra,Parbhani,Pathari APMC
Madhya Pradesh,Damoh,Patharia APMC
Punjab,Patiala,Patran(Ghagga Mandi) APMC
Maharashtra,Akola,Patur APMC
Madhya Pradesh,Panna,Pawai APMC
Chattisgarh,Bilaspur,Pendraroad APMC
Madhya Pradesh,Jhabua,Petlawad APMC
Rajasthan,Hanumangarh,Pilibanga APMC
Haryana,Jind,Pillukhera APMC
Madhya Pradesh,Hoshangabad,Pipariya APMC
Madhya Pradesh,Ashoknagar,Piprai APMC
Chattisgarh,Kabirdham,Pipriya APMC
Gujarat,Sabarkantha,Prantij APMC
Madhya Pradesh,Balaghat,Praswada APMC
Chattisgarh,Surajpur,Pratappur APMC
Maharashtra,Yavatmal,Pusad APMC
Uttar Pradesh,Hamirpur,Raath APMC
Gujarat,Patan,Radhanpur APMC
Madhya Pradesh,Guna,Raghogarh APMC
Madhya Pradesh,Sagar,Rahatgarh APMC
Chattisgarh,Raipur,Raipur APMC
Madhya Pradesh,Raisen,Raisen APMC
Rajasthan,Anupgarh,Raisingh Nagar APMC
Chattisgarh,Balrampur,Rajpur APMC
Chattisgarh,Balrampur,Ramanujganj APMC
Rajasthan,Kota,Ramganjmandi APMC
Madhya Pradesh,West Chambaran,Ramnagar APMC
Rajasthan,Pali,Rani APMC
Madhya Pradesh,Shivpuri,Rannod APMC
Gujarat,Kachchh,Rapar APMC
Maharashtra,Jalgaon,Raver APMC
Rajasthan,Anupgarh,Rawla APMC
Madhya Pradesh,Sehore,Rehati APMC
Madhya Pradesh,Sagar,Rehli APMC
Madhya Pradesh,Rewa,Rewa APMC
Rajasthan,Ganganagar,Ridmalsar APMC
Madhya Pradesh,Morena,Sabalgarh APMC
Punjab,Faridkot,Sadiq APMC
Rajasthan,Ganganagar,Sadulshahar APMC
Bihar,Samastipur,Saidpurhat APMC
Chattisgarh,Bemetara,Saja APMC
Rajasthan,Jaipur Rural,Sambhar (Kishangarh renwal) APMC
Gujarat,Patan,Sami APMC
Rajasthan,Baran,Samraniyan APMC
Gujarat,Ahmedabad,Sanad APMC
Madhya Pradesh,Khargone,Sanawad APMC
Punjab,Bhatinda,Sangat APMC
Madhya Pradesh,Indore,Sanwer APMC
Chattisgarh,Raigarh,Sarangarh APMC
Madhya Pradesh,Satna,Satna APMC
Maharashtra,Nagpur,Savner APMC
Rajasthan,Swai Madhopur,Sawai Madhopur APMC
Madhya Pradesh,Khargone,Segaon APMC
Madhya Pradesh,Jabalpur,Sehora APMC
Madhya Pradesh,Hoshangabad,Semriharchand APMC
Madhya Pradesh,Seoni,Seoni APMC
Madhya Pradesh,Datia,Sevda APMC
Madhya Pradesh,Ashoknagar,Shadora APMC
Uttar Pradesh,Kurukshetra,Shahabad APMC
Maharashtra,Nandurbar,Shahada APMC
Madhya Pradesh,Sagar,Shahagarh APMC
Madhya Pradesh,Shehdol,Shahdol APMC
Madhya Pradesh,Jabalpur,Shahpura Bhitoni (F&V) APMC
Madhya Pradesh,Jabalpur,Shahpura(Jabalpur) APMC
Madhya Pradesh,Vidisha,Shamshabad APMC
Maharashtra,Buldhana,Shegaon APMC
Bihar,Sheikhpura,Shekhpura APMC
Madhya Pradesh,Sheopur,Sheopurbadod APMC
Madhya Pradesh,Sheopur,Sheopurkalan APMC
Maharashtra,Ahmednagar,Shevgaon(Bodhegaon) APMC
Maharashtra,Ahmednagar,Shrirampur(Belapur) APMC
Madhya Pradesh,Sehore,Shyampur APMC
Madhya Pradesh,Sidhi,Sidhi APMC
Punjab,Ludhiana,Sidhwan Bet APMC
Maharashtra,Chattrapati Sambhajinagar,Sillod APMC
Maharashtra,Chattrapati Sambhajinagar,Sillod(Bharadi) APMC
Madhya Pradesh,Raisen,Silvani APMC
Madhya Pradesh,Panna,Simariya APMC
Maharashtra,Wardha,Sindi APMC
Maharashtra,Wardha,Sindi(Selu) APMC
Maharashtra,Buldhana,Sindkhed Raja APMC
Madhya Pradesh,Singroli,Singroli APMC
Madhya Pradesh,Harda,Sirali APMC
Madhya Pradesh,Vidisha,Sironj APMC
Chattisgarh,Surguja,Sitapur APMC
Rajasthan,Ganganagar,Sri Karanpur APMC
Rajasthan,Anupgarh,Sri Vijayanagar APMC
Rajasthan,Ganganagar,Sriganganagar (Grain) APMC
Punjab,Sangrur,Sulargharat APMC
Rajasthan,Bundi,Sumerganj APMC
Rajasthan,Pali,Sumerpur APMC
Chattisgarh,Surajpur,Surajpur APMC
Madhya Pradesh,Shajapur,Susner APMC
Madhya Pradesh,Rajgarh,Suthalia APMC
Madhya Pradesh,Mandsaur,Suvasra APMC
Madhya Pradesh,Ratlam,Taal APMC
Maharashtra,Parbhani,Tadkalas APMC
Chattisgarh,Bilaspur,Takhatpur APMC
Punjab,Ferozpur,Talwandi Bhai APMC
Punjab,Ferozpur,Talwandi Bhai(Mudki) APMC
Punjab,Barnala,Tapa(Tapa Mandi) APMC
Madhya Pradesh,Ujjain,Tarana APMC
Gujarat,Anand,Tarapur APMC
Maharashtra,Sangli,Tasgaon APMC
Maharashtra,Akola,Telhara APMC
Madhya Pradesh,Narsinghpur,Tendukheda APMC
Madhya Pradesh,Jhabua,Thandla APMC
Rajasthan,Khairthal Tijara,Tijara APMC
Madhya Pradesh,Harda,Timarni APMC
Rajasthan,Tonk,Tonk APMC
Maharashtra,Dharashiv(Usmanabad),Tuljapur APMC
Haryana,Jind,Uchana APMC
Madhya Pradesh,Raisen,Udaipura APMC
Maharashtra,Dharashiv(Usmanabad),Umarga APMC
Madhya Pradesh,Umariya,Umariya APMC
Maharashtra,Yavatmal,Umarked(Danki) APMC
Gujarat,Anand,Umreth APMC
Madhya Pradesh,Ujjain,Unhel APMC
Rajasthan,Tonk,Uniyara APMC
Maharashtra,Satara,Vaduj APMC
Maharashtra,Beed,Vadvani APMC
Madhya Pradesh,Balaghat,Varaseoni APMC
Madhya Pradesh,Vidisha,Vidisha APMC
Gujarat,Mehsana,Vijapur(Gojjariya) APMC
Gujarat,Mehsana,Vijapur(Kukarvada) APMC
Madhya Pradesh,Sheopur,Vijaypur APMC
Gujarat,Ahmedabad,Viramgam APMC
Gujarat,Mehsana,Visnagar APMC
Maharashtra,Wardha,Wardha APMC
Maharashtra,Vashim,Washim APMC
Maharashtra,Vashim,Washim(Ansing) APMC
Telangana,Medak,Zaheerabad APMC
Gujarat,Dahod,Zalod(Sanjeli) APMC
Gujarat,Dahod,Zalod(Zalod) APMC
